date,open,high,low,close,volume
2021-09-01,0.08876,0.09529,0.08724,0.095,1125617829.8
2021-09-02,0.09501,0.10205,0.09434,0.09953,1770920708.0
2021-09-03,0.09953,0.10593,0.09755,0.10161,1692973804.7
2021-09-04,0.10162,0.10342,0.0993,0.10146,859555103.9
2021-09-05,0.10146,0.10522,0.10096,0.10519,992532173.6
2021-09-06,0.1052,0.10727,0.10096,0.10381,1087045226.8
2021-09-07,0.1038,0.10589,0.07716,0.08539,2375825516.0
2021-09-08,0.0854,0.0969,0.0834,0.09272,2321257972.3
2021-09-09,0.09272,0.0948,0.09002,0.09303,1343292016.6
2021-09-10,0.09303,0.09581,0.08626,0.09075,1577565787.6
2021-09-11,0.09076,0.097,0.09041,0.09555,1300085165.9
2021-09-12,0.09555,0.11842,0.09373,0.11241,4692089305.4
2021-09-13,0.11241,0.11706,0.09846,0.10462,3185578466.5
2021-09-14,0.10462,0.12033,0.10406,0.11822,3500717020.9
2021-09-15,0.11823,0.123,0.11328,0.12069,2145345210.2
2021-09-16,0.12069,0.12242,0.11206,0.11594,2015065272.8
2021-09-17,0.11594,0.12045,0.10337,0.10545,2680862141.9
2021-09-18,0.10543,0.1091,0.1034,0.10586,952548142.9
2021-09-19,0.10587,0.10753,0.10237,0.10369,918167777.1
2021-09-20,0.10369,0.10375,0.08902,0.0914,2440619073.7
2021-09-21,0.09141,0.09566,0.08654,0.08826,1762558903.0
2021-09-22,0.08824,0.0988,0.08664,0.09876,1132265386.7
2021-09-23,0.09876,0.10069,0.09608,0.09923,867768567.9
2021-09-24,0.09922,0.0994,0.086,0.09226,1249487937.5
2021-09-25,0.09225,0.09373,0.08925,0.09055,881159593.8
2021-09-26,0.09055,0.09083,0.08323,0.08769,1397524160.6
2021-09-27,0.08768,0.09058,0.08584,0.08599,1159305058.2
2021-09-28,0.08599,0.0872,0.08289,0.08305,1344209538.2
2021-09-29,0.08307,0.08797,0.08258,0.08581,1262569975.6
2021-09-30,0.08581,0.08966,0.08549,0.08943,774737412.6
2021-10-01,0.08941,0.09484,0.08848,0.09481,1027582471.5
2021-10-02,0.09484,0.09587,0.09238,0.09338,727201844.1
2021-10-03,0.09339,0.09667,0.0926,0.09494,661451972.2
2021-10-04,0.09495,0.09518,0.08984,0.09351,1509254898.9
2021-10-05,0.0935,0.0985,0.09288,0.09618,3177574112.6
2021-10-06,0.09619,0.09714,0.09105,0.09549,2336897677.3
2021-10-07,0.09549,0.09838,0.09333,0.09547,2185815910.0
2021-10-08,0.09546,0.0994,0.09522,0.09771,2058250447.3
2021-10-09,0.09772,0.10555,0.09704,0.10306,2297419449.1
2021-10-10,0.10307,0.10312,0.09715,0.09747,1115564913.2
2021-10-11,0.09745,0.10094,0.09518,0.09707,1065449578.3
2021-10-12,0.09707,0.09709,0.09142,0.09549,1550967419.0
2021-10-13,0.09549,0.09801,0.09338,0.09793,1632459784.5
2021-10-14,0.09794,0.09955,0.09643,0.09729,1376995840.6
2021-10-15,0.09731,0.10406,0.09503,0.09861,1815553809.3
2021-10-16,0.09862,0.10098,0.09803,0.09871,763895073.6
2021-10-17,0.0987,0.10211,0.09623,0.0987,1146627120.8
2021-10-18,0.09871,0.09938,0.09695,0.0981,1287144322.1
2021-10-19,0.09809,0.10094,0.09781,0.10055,1966764066.8
2021-10-20,0.10055,0.10616,0.10008,0.10324,2641180812.9
2021-10-21,0.10322,0.10588,0.09946,0.09958,2606088968.5
2021-10-22,0.09959,0.10235,0.09852,0.09982,2004283994.3
2021-10-23,0.09982,0.10119,0.09879,0.10066,1327359630.5
2021-10-24,0.10066,0.1014,0.0972,0.09913,1097802685.2
2021-10-25,0.09913,0.1014,0.09869,0.10074,3101638918.6
2021-10-26,0.10074,0.10576,0.10013,0.10112,3283695146.1
2021-10-27,0.10113,0.10267,0.08846,0.09064,3152955128.7
2021-10-28,0.09064,0.09623,0.09059,0.09527,3360101692.8
2021-10-29,0.09528,0.09961,0.09464,0.0996,2970207247.8
2021-10-30,0.0996,0.10465,0.09779,0.10111,4237632739.9
2021-10-31,0.10111,0.1024,0.09749,0.10152,3218139987.1
2021-11-01,0.10152,0.10205,0.0979,0.10048,1563889934.7
2021-11-02,0.10047,0.1105,0.0998,0.10748,4276634925.5
2021-11-03,0.10747,0.10925,0.10201,0.10587,4253627778.7
2021-11-04,0.10588,0.10717,0.10159,0.10329,3104039091.7
2021-11-05,0.10329,0.10612,0.10213,0.10346,1892847031.5
2021-11-06,0.10346,0.10425,0.09945,0.10252,2662882329.2
2021-11-07,0.10252,0.10487,0.10197,0.1045,3281860242.2
2021-11-08,0.1045,0.11,0.10444,0.10993,4711706691.6
2021-11-09,0.10994,0.11546,0.10844,0.11436,5003726169.5
2021-11-10,0.11436,0.11751,0.10279,0.10662,4220457215.2
2021-11-11,0.10662,0.11047,0.10483,0.10893,3601436072.9
2021-11-12,0.10892,0.11086,0.1047,0.10796,3859610689.6
2021-11-13,0.10796,0.11408,0.1075,0.11255,4464485913.4
2021-11-14,0.11254,0.11737,0.11056,0.117,2743041788.7
2021-11-15,0.11699,0.12933,0.11573,0.1238,4855348055.5
2021-11-16,0.1238,0.12381,0.10531,0.10934,4472379706.5
2021-11-17,0.10934,0.11369,0.10693,0.11119,3314778779.0
2021-11-18,0.11117,0.1126,0.09937,0.10038,3482351176.4
2021-11-19,0.10039,0.10566,0.09787,0.10387,5607857769.0
2021-11-20,0.10387,0.1057,0.1014,0.10519,4329535156.6
2021-11-21,0.10518,0.11017,0.10445,0.10643,4003899790.1
2021-11-22,0.1065,0.10706,0.10117,0.10182,4555165640.1
2021-11-23,0.10182,0.10344,0.101,0.10283,3822265696.7
2021-11-24,0.10283,0.1037,0.09622,0.09785,3146159959.0
2021-11-25,0.09785,0.10115,0.09716,0.10019,2429486456.2
2021-11-26,0.10019,0.10133,0.09023,0.09229,5963393867.3
2021-11-27,0.09225,0.09537,0.09182,0.09335,3516703305.0
2021-11-28,0.09335,0.09532,0.08937,0.09518,5521513536.4
2021-11-29,0.09518,0.09718,0.0943,0.09655,3803201323.2
2021-11-30,0.09655,0.09989,0.09493,0.09652,5570918411.2
2021-12-01,0.09653,0.10064,0.09576,0.09688,3009605855.1
2021-12-02,0.09686,0.09823,0.09496,0.0975,4200832971.0
2021-12-03,0.09749,0.10195,0.09325,0.09388,4840324720.6
2021-12-04,0.09386,0.09398,0.07305,0.08696,6560267812.9
2021-12-05,0.0869,0.08779,0.08204,0.08432,2850186671.5
2021-12-06,0.08433,0.08762,0.07889,0.08729,4216577420.6
2021-12-07,0.08729,0.09266,0.08665,0.08999,2147556583.0
2021-12-08,0.08996,0.09381,0.08959,0.09237,1699029669.1
2021-12-09,0.09238,0.09337,0.08853,0.08861,1537161128.9
2021-12-10,0.0886,0.09336,0.08739,0.08771,1213216855.6
2021-12-11,0.08772,0.09186,0.08651,0.0916,905426611.0
2021-12-12,0.0916,0.09235,0.08978,0.09101,992407502.4
2021-12-13,0.09102,0.09151,0.08384,0.08497,1414412634.8
2021-12-14,0.08497,0.08772,0.0837,0.08707,1850194798.5
2021-12-15,0.08706,0.08887,0.08284,0.08754,2110175356.5
2021-12-16,0.08754,0.08809,0.08521,0.08533,1543307013.7
2021-12-17,0.08533,0.08599,0.07839,0.07951,2082289030.1
2021-12-18,0.07951,0.0823,0.07864,0.08042,938480402.5
2021-12-19,0.08042,0.08178,0.07938,0.07944,819570134.9
2021-12-20,0.07943,0.0801,0.07488,0.07759,1419496158.6
2021-12-21,0.07758,0.07936,0.07692,0.07884,1104468021.4
2021-12-22,0.07884,0.08033,0.07838,0.07913,1058999643.8
2021-12-23,0.07912,0.08274,0.07802,0.08274,1118334734.1
2021-12-24,0.08274,0.08322,0.08028,0.08085,1347915772.9
2021-12-25,0.08087,0.0822,0.08013,0.08153,1922966651.8
2021-12-26,0.08153,0.08191,0.07969,0.08149,1063532130.2
2021-12-27,0.08149,0.08276,0.0809,0.08114,1219241545.8
2021-12-28,0.08114,0.08115,0.07682,0.07713,1775334796.8
2021-12-29,0.07714,0.08003,0.0761,0.0765,1248802637.0
2021-12-30,0.07648,0.0786,0.07561,0.07782,1202507616.9
2021-12-31,0.07781,0.07941,0.07354,0.07539,1768843829.2
2022-01-01,0.07536,0.07683,0.07524,0.0766,1637828312.1
2022-01-02,0.07661,0.07834,0.07599,0.07762,1734586731.6
2022-01-03,0.07761,0.07824,0.07625,0.07705,1758327144.8
2022-01-04,0.07705,0.07809,0.07575,0.07592,1800024542.7
2022-01-05,0.07593,0.07745,0.0691,0.07112,1832769713.7
2022-01-06,0.07113,0.07149,0.06925,0.07106,3244970701.9
2022-01-07,0.07107,0.07119,0.06652,0.0682,2353241534.0
2022-01-08,0.06821,0.06918,0.06402,0.06539,1122002395.6
2022-01-09,0.06539,0.06724,0.0649,0.06611,1342231000.4
2022-01-10,0.06611,0.06692,0.06111,0.06342,1875401682.1
2022-01-11,0.06343,0.06566,0.0629,0.06493,1584213482.2
2022-01-12,0.06493,0.06834,0.06491,0.06806,1471410395.9
2022-01-13,0.06807,0.06856,0.06593,0.0662,1830087974.3
2022-01-14,0.06621,0.0685,0.06587,0.06765,1749245168.9
2022-01-15,0.06765,0.06934,0.067,0.06842,1014298584.7
2022-01-16,0.06841,0.07039,0.06829,0.06988,1278605074.3
2022-01-17,0.06988,0.07244,0.06889,0.07085,2264462911.8
2022-01-18,0.07085,0.07138,0.06743,0.06846,1820431991.1
2022-01-19,0.06846,0.06964,0.06612,0.06915,2280024794.2
2022-01-20,0.06915,0.07206,0.06744,0.06773,1735106694.6
2022-01-21,0.06771,0.06863,0.05971,0.06103,2597725957.6
2022-01-22,0.06103,0.06201,0.05265,0.0568,3142285867.5
2022-01-23,0.05679,0.05854,0.05535,0.05752,1739505171.4
2022-01-24,0.0575,0.05755,0.05101,0.05506,2711696074.2
2022-01-25,0.05504,0.05616,0.05429,0.05588,1740384902.0
2022-01-26,0.05589,0.05905,0.05534,0.0562,1656601994.6
2022-01-27,0.05619,0.05716,0.05442,0.05649,1392669179.5
2022-01-28,0.05649,0.05767,0.0558,0.05757,1210381796.8
2022-01-29,0.05757,0.06039,0.05711,0.06034,1117040029.2
2022-01-30,0.06035,0.06054,0.05821,0.05863,1080261077.5
2022-01-31,0.05862,0.05938,0.05665,0.05906,1089882869.6
2022-02-01,0.05909,0.06025,0.05882,0.05979,1103088489.0
2022-02-02,0.05979,0.06154,0.05843,0.05847,1391192801.4
2022-02-03,0.05847,0.05987,0.05826,0.05981,1122173232.4
2022-02-04,0.05981,0.06458,0.05961,0.06441,1518651621.7
2022-02-05,0.06442,0.06621,0.06354,0.06467,1282234491.0
2022-02-06,0.06467,0.06634,0.06433,0.06617,986081488.8
2022-02-07,0.06616,0.06933,0.06523,0.06852,1614783612.6
2022-02-08,0.06852,0.07024,0.06677,0.06806,1901816275.5
2022-02-09,0.06808,0.07004,0.06735,0.06991,1299493837.8
2022-02-10,0.06991,0.07165,0.06837,0.0685,1631532092.6
2022-02-11,0.0685,0.0685,0.06337,0.06399,1666467885.8
2022-02-12,0.06399,0.06507,0.06216,0.06352,1439122189.3
2022-02-13,0.06352,0.06503,0.06316,0.06427,1383448320.2
2022-02-14,0.06427,0.06543,0.06328,0.06442,1274185471.1
2022-02-15,0.06441,0.067,0.06437,0.06685,1352162335.2
2022-02-16,0.06686,0.06693,0.0655,0.0664,1080430061.4
2022-02-17,0.06641,0.06712,0.06206,0.06249,1482815072.2
2022-02-18,0.06249,0.06411,0.06208,0.06306,1492712895.5
2022-02-19,0.06306,0.06439,0.06288,0.06348,1243122522.0
2022-02-20,0.06348,0.06356,0.06103,0.06199,1624256236.5
2022-02-21,0.06199,0.06369,0.05928,0.05954,2174590565.6
2022-02-22,0.05954,0.06276,0.0591,0.06265,2012415605.7
2022-02-23,0.06264,0.06388,0.0607,0.06081,1644851328.2
2022-02-24,0.0608,0.06192,0.05612,0.0611,2680142979.8
2022-02-25,0.06109,0.06281,0.0554,0.05943,3173392364.9
2022-02-26,0.05944,0.06161,0.05872,0.05961,1928230861.4
2022-02-27,0.05961,0.06077,0.05738,0.05807,1480352652.2
2022-02-28,0.05808,0.06277,0.05743,0.06176,1492800339.8
2022-03-01,0.06176,0.06283,0.06101,0.06219,1410581955.6
2022-03-02,0.0622,0.06292,0.06079,0.06153,1364084861.3
2022-03-03,0.06153,0.06162,0.05912,0.05995,1170863043.4
2022-03-04,0.05996,0.06021,0.0575,0.05829,1404191923.5
2022-03-05,0.05829,0.06091,0.05771,0.06037,1004176906.2
2022-03-06,0.06037,0.06089,0.05868,0.05889,1009504199.5
2022-03-07,0.05889,0.06061,0.05782,0.05859,1126941770.3
2022-03-08,0.05859,0.06111,0.05846,0.06054,1400398681.0
2022-03-09,0.06054,0.06263,0.06035,0.0608,1518100539.2
2022-03-10,0.0608,0.06085,0.05785,0.05989,1732867238.9
2022-03-11,0.05989,0.06089,0.05897,0.06022,1355529610.2
2022-03-12,0.06022,0.06073,0.05956,0.05967,801323675.4
2022-03-13,0.05967,0.06028,0.05892,0.05931,801855246.4
2022-03-14,0.0593,0.06043,0.0589,0.06007,1061489473.6
2022-03-15,0.06007,0.06066,0.05956,0.0605,995932338.3
2022-03-16,0.0605,0.06154,0.05941,0.06107,1377940873.5
2022-03-17,0.06107,0.06112,0.06056,0.06071,808225631.6
2022-03-18,0.06072,0.06183,0.06005,0.06162,905420804.1
2022-03-19,0.06162,0.06216,0.06124,0.06191,909850420.4
2022-03-20,0.06191,0.06246,0.06083,0.06156,1559785143.5
2022-03-21,0.06155,0.06186,0.06075,0.06177,1558435732.3
2022-03-22,0.06177,0.06394,0.06161,0.06344,1638397049.5
2022-03-23,0.06343,0.06488,0.06317,0.06431,1330267567.3
2022-03-24,0.06432,0.06594,0.06376,0.06564,1493162200.0
2022-03-25,0.06564,0.06664,0.06385,0.06437,1467402618.8
2022-03-26,0.06436,0.06639,0.06381,0.06632,1699386263.4
2022-03-27,0.06631,0.06956,0.06583,0.06899,2083247985.4
2022-03-28,0.06899,0.07197,0.06851,0.0691,1856463228.4
2022-03-29,0.06912,0.07248,0.06832,0.06936,1453951645.5
2022-03-30,0.06937,0.07444,0.06745,0.07334,2557063068.7
2022-03-31,0.07334,0.07956,0.07325,0.07388,3186223698.7
2022-04-01,0.07388,0.07511,0.0692,0.07494,1612294324.2
2022-04-02,0.07495,0.07644,0.07279,0.07322,1287534518.5
2022-04-03,0.07323,0.07371,0.07208,0.07312,783037232.3
2022-04-04,0.07311,0.07313,0.06881,0.0707,1129118661.6
2022-04-05,0.0707,0.07181,0.06918,0.06928,1039780864.1
2022-04-06,0.06928,0.06936,0.06299,0.06308,1452627239.7
2022-04-07,0.06307,0.06479,0.06264,0.06431,1226144490.6
2022-04-08,0.0643,0.06521,0.06213,0.06259,1083541914.8
2022-04-09,0.06259,0.06405,0.06221,0.06394,991389626.2
2022-04-10,0.06394,0.06429,0.06218,0.06238,920182764.9
2022-04-11,0.06236,0.06255,0.05774,0.05823,1239891995.1
2022-04-12,0.05824,0.06042,0.0579,0.05991,1076307124.6
2022-04-13,0.0599,0.06153,0.05935,0.0615,915244608.8
2022-04-14,0.0615,0.06216,0.05938,0.06013,1072890655.8
2022-04-15,0.06014,0.06241,0.05985,0.06181,940617959.7
2022-04-16,0.06182,0.06225,0.06094,0.06186,724223249.2
2022-04-17,0.06186,0.06289,0.0598,0.06009,892400970.8
2022-04-18,0.06008,0.06167,0.05886,0.06148,1328404692.8
2022-04-19,0.06147,0.06362,0.06111,0.0631,1199904239.0
2022-04-20,0.06311,0.06345,0.06181,0.06261,1187994943.2
2022-04-21,0.06261,0.075,0.06243,0.07112,6294268623.8
2022-04-22,0.07112,0.07246,0.06637,0.06661,3203527503.6
2022-04-23,0.0666,0.0693,0.06649,0.06761,1477379914.2
2022-04-24,0.06762,0.06792,0.0646,0.06567,1101010255.8
2022-04-25,0.06567,0.06581,0.06174,0.06531,1341560314.3
2022-04-26,0.06531,0.06566,0.06158,0.0619,1114740594.2
2022-04-27,0.0619,0.06372,0.0617,0.06318,1001719735.6
2022-04-28,0.06318,0.0641,0.0625,0.06372,1000760430.4
2022-04-29,0.06372,0.07003,0.06272,0.06368,2815178038.8
2022-04-30,0.06368,0.06525,0.06188,0.06262,1817042212.8
2022-05-01,0.06262,0.07171,0.06163,0.07079,3438166744.2
2022-05-02,0.07078,0.07365,0.06455,0.06894,3245131312.8
2022-05-03,0.06895,0.07522,0.06813,0.07261,3492334219.7
2022-05-04,0.07261,0.087,0.06994,0.08629,5498845727.2
2022-05-05,0.0863,0.08987,0.07158,0.07451,5525059352.4
2022-05-06,0.0745,0.08843,0.07268,0.08629,6171321353.6
2022-05-07,0.08629,0.0888,0.07975,0.08351,5138517562.5
2022-05-08,0.08352,0.09279,0.08025,0.08794,5046105564.6
2022-05-09,0.08796,0.08816,0.07204,0.07272,6627462667.4
2022-05-10,0.07272,0.08254,0.07143,0.07691,4991322416.4
2022-05-11,0.07692,0.085,0.063,0.07496,8370955647.8
2022-05-12,0.07495,0.08124,0.06559,0.06729,5395873532.9
2022-05-13,0.0673,0.0765,0.06656,0.07426,2808372373.1
2022-05-14,0.07426,0.07611,0.07069,0.07243,1635927756.8
2022-05-15,0.07243,0.0727,0.06774,0.0724,1402520002.1
2022-05-16,0.07241,0.07245,0.06716,0.06917,1292851047.4
2022-05-17,0.06917,0.074,0.06891,0.07225,1150179105.8
2022-05-18,0.07225,0.07286,0.06944,0.071,1036749143.0
2022-05-19,0.07101,0.075,0.07009,0.07357,1112323147.1
2022-05-20,0.07358,0.07509,0.06997,0.07124,1140316688.5
2022-05-21,0.07124,0.07581,0.07044,0.07404,778339094.4
2022-05-22,0.07403,0.07864,0.07362,0.07815,794508416.6
2022-05-23,0.07814,0.08263,0.07579,0.07616,1739029855.3
2022-05-24,0.07618,0.08313,0.07593,0.08064,2130235212.3
2022-05-25,0.08064,0.08836,0.07981,0.0847,1645020316.9
2022-05-26,0.0847,0.08656,0.07881,0.08223,2965533838.9
2022-05-27,0.08224,0.08402,0.07835,0.08083,2092463683.8
2022-05-28,0.08083,0.08273,0.07899,0.08118,915885334.4
2022-05-29,0.08117,0.08233,0.07813,0.08055,836187351.9
2022-05-30,0.08054,0.0844,0.08016,0.08325,1214901677.1
2022-05-31,0.08324,0.08453,0.07933,0.08441,1489663603.0
2022-06-01,0.08441,0.09222,0.08209,0.08356,3151794233.7
2022-06-02,0.08356,0.0857,0.0811,0.08432,1529250436.3
2022-06-03,0.08432,0.08645,0.08034,0.0811,1149189440.4
2022-06-04,0.08112,0.08134,0.07627,0.08043,1476276604.6
2022-06-05,0.08043,0.08265,0.07918,0.08151,674949351.8
2022-06-06,0.08151,0.08486,0.08109,0.08161,903182552.7
2022-06-07,0.0816,0.08311,0.07887,0.08186,1122439214.3
2022-06-08,0.08186,0.08266,0.07958,0.08062,822334791.2
2022-06-09,0.08062,0.08196,0.08006,0.08102,572935739.9
2022-06-10,0.08101,0.08161,0.07883,0.07893,806983631.2
2022-06-11,0.07893,0.08035,0.07469,0.0762,1042816900.9
2022-06-12,0.07621,0.07885,0.07411,0.07618,1553234434.2
2022-06-13,0.07617,0.07674,0.0606,0.06387,5877608440.4
2022-06-14,0.06386,0.06488,0.05223,0.05559,5413746170.8
2022-06-15,0.0556,0.064,0.04664,0.06302,8499088551.4
2022-06-16,0.06302,0.06577,0.0583,0.05923,2764331231.6
2022-06-17,0.05924,0.06333,0.05869,0.05989,1779763012.8
2022-06-18,0.0599,0.06386,0.05707,0.06089,2550576099.0
2022-06-19,0.06088,0.06298,0.05851,0.06132,1926957261.5
2022-06-20,0.06132,0.0622,0.05946,0.06115,1159427437.7
2022-06-21,0.06114,0.06686,0.06096,0.0649,1389203721.2
2022-06-22,0.06492,0.06581,0.06298,0.0631,866297508.1
2022-06-23,0.0631,0.06464,0.06181,0.0638,753541050.1
2022-06-24,0.06379,0.06673,0.06359,0.06584,807600205.1
2022-06-25,0.06585,0.06634,0.06362,0.0648,511708770.7
2022-06-26,0.0648,0.06589,0.06402,0.06504,521220595.7
2022-06-27,0.06503,0.07046,0.0649,0.06703,1274750340.0
2022-06-28,0.06703,0.06833,0.06518,0.06591,1165858010.9
2022-06-29,0.06591,0.06663,0.06407,0.06492,753763109.1
2022-06-30,0.06492,0.06598,0.06192,0.06481,1017188583.2
2022-07-01,0.06481,0.06675,0.06415,0.06512,975193971.1
2022-07-02,0.06511,0.06549,0.06433,0.06475,414634750.8
2022-07-03,0.06475,0.06646,0.0625,0.06628,693832099.7
2022-07-04,0.06629,0.06769,0.06547,0.06733,703363294.0
2022-07-05,0.06733,0.06978,0.06657,0.06814,795637845.9
2022-07-06,0.06815,0.06863,0.06673,0.06755,580267106.1
2022-07-07,0.06756,0.06887,0.06615,0.06862,610737345.7
2022-07-08,0.06862,0.06982,0.06764,0.06902,669951091.7
2022-07-09,0.06901,0.07153,0.06894,0.0698,486037198.8
2022-07-10,0.0698,0.07009,0.06722,0.06763,469939685.9
2022-07-11,0.06764,0.06775,0.06451,0.06475,568957000.6
2022-07-12,0.06475,0.06577,0.06441,0.06461,547014780.9
2022-07-13,0.0646,0.06649,0.06365,0.06624,823561098.4
2022-07-14,0.06625,0.06756,0.06497,0.06679,658783694.8
2022-07-15,0.06678,0.06799,0.0665,0.06703,530211689.4
2022-07-16,0.06702,0.06944,0.06609,0.06895,568718459.3
2022-07-17,0.06895,0.06937,0.06731,0.06744,558371408.1
2022-07-18,0.06746,0.07079,0.06726,0.06882,998303770.5
2022-07-19,0.06881,0.06985,0.06763,0.06909,934246092.5
2022-07-20,0.0691,0.07033,0.06686,0.06753,887734876.8
2022-07-21,0.06754,0.06827,0.06641,0.06802,629048455.4
2022-07-22,0.06802,0.06909,0.0666,0.067,524885437.9
2022-07-23,0.067,0.0679,0.06598,0.06698,496424646.5
2022-07-24,0.06698,0.06782,0.06668,0.06683,480814157.7
2022-07-25,0.06684,0.06701,0.06364,0.06369,704408826.0
2022-07-26,0.0637,0.06541,0.06297,0.06536,517984268.2
2022-07-27,0.06537,0.06875,0.06504,0.06866,644223625.2
2022-07-28,0.06866,0.07044,0.06751,0.06968,642289467.9
2022-07-29,0.06968,0.072,0.06803,0.06924,746874612.7
2022-07-30,0.06924,0.0713,0.06895,0.06911,479669293.4
2022-07-31,0.06912,0.07082,0.06864,0.06886,398302453.2
2022-08-01,0.06886,0.07154,0.06826,0.06986,506680777.8
2022-08-02,0.06985,0.07048,0.06772,0.06831,623410856.0
2022-08-03,0.0683,0.06923,0.06728,0.06783,412032897.7
2022-08-04,0.06783,0.06961,0.06758,0.06891,400341885.3
2022-08-05,0.0689,0.07012,0.06817,0.06989,342082025.5
2022-08-06,0.06989,0.0706,0.06927,0.06947,229537996.8
2022-08-07,0.06947,0.07036,0.06912,0.06962,206163350.7
2022-08-08,0.06962,0.07118,0.06955,0.0701,301346544.6
2022-08-09,0.07009,0.071,0.06825,0.0684,389062874.8
2022-08-10,0.06839,0.07058,0.06787,0.07038,378688492.3
2022-08-11,0.07037,0.07115,0.07,0.07034,416136389.7
2022-08-12,0.07035,0.07074,0.06929,0.07045,337205209.3
2022-08-13,0.07045,0.07122,0.06957,0.06997,409964108.8
2022-08-14,0.06996,0.07241,0.06949,0.07036,538628169.1
2022-08-15,0.07037,0.07117,0.06826,0.06886,492756055.7
2022-08-16,0.06886,0.07059,0.06834,0.06974,409752507.5
2022-08-17,0.06974,0.07095,0.06795,0.06832,484392364.2
2022-08-18,0.06832,0.06866,0.06733,0.06741,388691124.6
2022-08-19,0.0674,0.06743,0.06392,0.06407,622291396.3
2022-08-20,0.06407,0.06586,0.06395,0.06579,343576922.9
2022-08-21,0.06578,0.06636,0.06455,0.0659,332901409.4
2022-08-22,0.0659,0.06627,0.06454,0.06562,344720309.0
2022-08-23,0.06562,0.06682,0.06486,0.06631,568052615.9
2022-08-24,0.06633,0.06644,0.06473,0.06482,430979027.1
2022-08-25,0.06481,0.06577,0.0647,0.06549,288444941.0
2022-08-26,0.06549,0.06565,0.06141,0.06158,633006943.3
2022-08-27,0.06158,0.06301,0.06113,0.0629,390528611.8
2022-08-28,0.0629,0.06317,0.06136,0.06141,272640312.7
2022-08-29,0.06141,0.06346,0.06095,0.06337,422113725.4
2022-08-30,0.06336,0.06705,0.06286,0.06472,1006040327.0
2022-08-31,0.06473,0.06576,0.06317,0.06339,451024618.4
2022-09-01,0.06339,0.06372,0.06208,0.06328,401843104.8
2022-09-02,0.06328,0.06362,0.06231,0.06261,336205203.2
2022-09-03,0.06261,0.06319,0.06237,0.0631,198112913.7
2022-09-04,0.06311,0.06367,0.06248,0.06351,245914086.8
2022-09-05,0.06351,0.06368,0.06245,0.06295,348343322.9
2022-09-06,0.06296,0.06407,0.06049,0.06069,586109066.4
2022-09-07,0.06069,0.06193,0.06005,0.06181,391659273.9
2022-09-08,0.06181,0.06194,0.05993,0.06126,579399652.8
2022-09-09,0.06126,0.06372,0.06116,0.06343,509652927.3
2022-09-10,0.06343,0.06477,0.06298,0.06474,395937434.2
2022-09-11,0.06475,0.06499,0.06348,0.06419,321862950.8
2022-09-12,0.0642,0.06477,0.06311,0.06386,469772379.4
2022-09-13,0.06385,0.06397,0.06066,0.06068,524228995.1
2022-09-14,0.06068,0.06175,0.06056,0.06162,389035440.4
2022-09-15,0.06162,0.06197,0.06057,0.06131,450527660.9
2022-09-16,0.06132,0.06162,0.06055,0.06132,392838979.8
2022-09-17,0.06132,0.06236,0.06131,0.06228,239542045.4
2022-09-18,0.06228,0.06265,0.06077,0.06077,331822418.6
2022-09-19,0.06077,0.06122,0.05927,0.06028,539171813.8
2022-09-20,0.06028,0.06066,0.05942,0.05978,386561264.0
2022-09-21,0.05978,0.0622,0.05869,0.05905,634745425.3
2022-09-22,0.05904,0.06046,0.05872,0.06022,435582269.2
2022-09-23,0.06022,0.06117,0.05923,0.06042,464158728.7
2022-09-24,0.06043,0.06094,0.05957,0.05985,321450578.7
2022-09-25,0.05985,0.06029,0.05945,0.0597,223218034.1
2022-09-26,0.0597,0.0599,0.05896,0.05959,437831450.2
2022-09-27,0.05959,0.06088,0.059,0.05938,452566236.8
2022-09-28,0.05938,0.05991,0.05835,0.05954,452809451.6
2022-09-29,0.05954,0.062,0.05933,0.06099,601368431.2
2022-09-30,0.06099,0.06232,0.06022,0.06101,553775593.3
2022-10-01,0.06101,0.06149,0.06005,0.06049,325623658.6
2022-10-02,0.0605,0.06198,0.06038,0.06093,463552146.7
2022-10-03,0.06093,0.0615,0.06068,0.06137,338614348.3
2022-10-04,0.06136,0.06248,0.06106,0.06236,383924358.5
2022-10-05,0.06236,0.06274,0.06193,0.06245,327933984.5
2022-10-06,0.06244,0.06323,0.06188,0.06277,504883994.2
2022-10-07,0.06278,0.06331,0.062,0.06251,364471605.7
2022-10-08,0.0625,0.06274,0.06177,0.06205,270001172.3
2022-10-09,0.06206,0.06279,0.06193,0.06236,195710016.6
2022-10-10,0.06235,0.06527,0.06227,0.06274,973167269.7
2022-10-11,0.06272,0.06273,0.0612,0.06166,464514713.0
2022-10-12,0.06167,0.0645,0.06115,0.06173,730297470.7
2022-10-13,0.06172,0.06229,0.05933,0.061,655013251.9
2022-10-14,0.06099,0.0655,0.06074,0.06393,1068400665.0
2022-10-15,0.06393,0.06513,0.06172,0.06174,624671454.1
2022-10-16,0.06173,0.06206,0.0612,0.06187,288038112.6
2022-10-17,0.06187,0.06308,0.06164,0.06265,411803644.2
2022-10-18,0.06266,0.063,0.0617,0.06218,409579566.5
2022-10-19,0.06219,0.0632,0.06165,0.06174,546121779.6
2022-10-20,0.06174,0.06267,0.06147,0.06215,333456485.7
2022-10-21,0.06215,0.06295,0.0607,0.06167,404447658.9
2022-10-22,0.06167,0.062,0.06117,0.06158,198786729.9
2022-10-23,0.06159,0.06201,0.06107,0.06188,258985647.2
2022-10-24,0.06188,0.06203,0.06123,0.06131,283859858.1
2022-10-25,0.06131,0.06289,0.06113,0.06235,364269847.7
2022-10-26,0.06235,0.06378,0.06228,0.06341,415716374.7
2022-10-27,0.0634,0.06416,0.06269,0.06296,420262748.8
2022-10-28,0.06296,0.06377,0.06259,0.06356,350381030.0
2022-10-29,0.06355,0.06453,0.06345,0.06428,417193381.4
2022-10-30,0.06428,0.06481,0.06292,0.0631,341948973.1
2022-10-31,0.0631,0.0634,0.06234,0.06325,398754601.8
2022-11-01,0.06325,0.06344,0.06253,0.06277,283338008.0
2022-11-02,0.06277,0.06308,0.0614,0.06157,409204772.4
2022-11-03,0.06157,0.06247,0.06143,0.06171,368121338.0
2022-11-04,0.06171,0.06382,0.06151,0.06381,400713133.3
2022-11-05,0.06382,0.06478,0.06318,0.06363,406467215.7
2022-11-06,0.06362,0.06536,0.06253,0.06268,428331289.8
2022-11-07,0.06268,0.06299,0.06179,0.06227,357692407.7
2022-11-08,0.06227,0.06311,0.05621,0.05872,1071364757.1
2022-11-09,0.05873,0.0655,0.05285,0.05338,2543130191.6
2022-11-10,0.05345,0.06236,0.05239,0.05782,2604725039.7
2022-11-11,0.05781,0.05827,0.05415,0.05601,855960087.9
2022-11-12,0.05602,0.05609,0.05292,0.05502,597286635.6
2022-11-13,0.05503,0.05633,0.05038,0.05084,1059080379.5
2022-11-14,0.05085,0.05287,0.04526,0.05015,2243457866.0
2022-11-15,0.05015,0.05181,0.04929,0.05074,833847816.7
2022-11-16,0.05075,0.05173,0.04946,0.05016,701005014.8
2022-11-17,0.05016,0.05043,0.04884,0.05006,573955689.6
2022-11-18,0.05006,0.05107,0.05004,0.05068,413722957.4
2022-11-19,0.0507,0.05269,0.0505,0.05215,537007802.7
2022-11-20,0.05215,0.05243,0.04974,0.05008,402312888.6
2022-11-21,0.05008,0.05169,0.04918,0.05155,825853713.3
2022-11-22,0.05155,0.05262,0.04893,0.05072,1079952686.9
2022-11-23,0.05073,0.05188,0.05019,0.0518,605171598.2
2022-11-24,0.05181,0.05382,0.05142,0.05283,833313962.7
2022-11-25,0.05283,0.05339,0.05198,0.05297,579717995.6
2022-11-26,0.05297,0.05368,0.05243,0.05279,331056806.8
2022-11-27,0.05279,0.05425,0.05277,0.05327,391460597.5
2022-11-28,0.05327,0.054,0.05189,0.05299,599255628.0
2022-11-29,0.05298,0.05457,0.05275,0.05326,543400459.3
2022-11-30,0.05326,0.05479,0.05325,0.05461,475740697.0
2022-12-01,0.0546,0.05513,0.05398,0.05415,377671522.2
2022-12-02,0.05415,0.05451,0.05382,0.05445,333396933.9
2022-12-03,0.05445,0.05465,0.05352,0.05358,254491096.4
2022-12-04,0.05358,0.05415,0.05292,0.05309,333808154.4
2022-12-05,0.05309,0.05374,0.05295,0.05334,461673730.2
2022-12-06,0.05335,0.05374,0.05257,0.05364,414066655.4
2022-12-07,0.05363,0.05366,0.05241,0.05312,418564355.8
2022-12-08,0.05312,0.05477,0.05295,0.05448,339254769.6
2022-12-09,0.05449,0.05514,0.05429,0.05464,296901516.9
2022-12-10,0.05465,0.05593,0.05463,0.05483,283292804.9
2022-12-11,0.05482,0.05496,0.05373,0.05397,184738005.9
2022-12-12,0.05397,0.05398,0.05194,0.05352,581776768.1
2022-12-13,0.05352,0.05454,0.05243,0.0545,526702183.4
2022-12-14,0.0545,0.05765,0.05445,0.05558,614317337.1
2022-12-15,0.05558,0.05612,0.05509,0.05577,364300889.5
2022-12-16,0.05578,0.05619,0.05258,0.05292,497410130.8
2022-12-17,0.05293,0.055,0.05189,0.05486,486555972.1
2022-12-18,0.05485,0.05519,0.05323,0.05378,435758357.3
2022-12-19,0.05378,0.05431,0.05305,0.05356,379994366.7
2022-12-20,0.05355,0.05531,0.05349,0.05497,319963703.9
2022-12-21,0.05498,0.05549,0.05455,0.05492,262660122.5
2022-12-22,0.05492,0.05586,0.05462,0.05554,315244980.0
2022-12-23,0.05553,0.0557,0.05409,0.05423,331097929.1
2022-12-24,0.05422,0.05481,0.05402,0.05473,183151893.1
2022-12-25,0.05473,0.05494,0.05414,0.05481,197163164.5
2022-12-26,0.0548,0.05503,0.05425,0.05459,204154209.2
2022-12-27,0.0546,0.05471,0.05365,0.05415,280727773.5
2022-12-28,0.05415,0.0547,0.05324,0.05416,338437595.6
2022-12-29,0.05415,0.05448,0.05321,0.05402,323334601.3
2022-12-30,0.05402,0.05453,0.05356,0.05439,311871869.4
2022-12-31,0.05438,0.05524,0.05436,0.0545,231745472.9
2023-01-01,0.0545,0.05498,0.05442,0.05481,152553686.3
2023-01-02,0.0548,0.05558,0.05444,0.05517,243517218.6
2023-01-03,0.05518,0.05555,0.0547,0.05483,227134483.9
2023-01-04,0.05483,0.05574,0.05435,0.05477,361708395.6
2023-01-05,0.05477,0.05499,0.05338,0.05374,349175411.0
2023-01-06,0.05375,0.05394,0.04976,0.05249,1857386226.4
2023-01-07,0.0525,0.05295,0.05136,0.05201,466380581.1
2023-01-08,0.05201,0.05443,0.05122,0.05439,456781030.0
2023-01-09,0.05439,0.057,0.05366,0.05461,768112568.7
2023-01-10,0.05461,0.05497,0.05388,0.05486,376972656.0
2023-01-11,0.05486,0.05663,0.05457,0.05652,465160077.6
2023-01-12,0.05653,0.05743,0.05572,0.0571,461227616.4
2023-01-13,0.05711,0.06077,0.05685,0.0601,513319061.8
2023-01-14,0.06011,0.06576,0.05996,0.06177,955878863.6
2023-01-15,0.06178,0.0629,0.06064,0.06231,444071498.0
2023-01-16,0.06232,0.06324,0.06122,0.06242,446620860.0
2023-01-17,0.06241,0.0627,0.06128,0.06168,354772816.2
2023-01-18,0.06167,0.06242,0.05882,0.05891,484324857.3
2023-01-19,0.0589,0.06032,0.05879,0.06009,237749291.7
2023-01-20,0.06009,0.06293,0.05993,0.06272,313993785.2
2023-01-21,0.06273,0.06379,0.06163,0.06172,460805293.5
2023-01-22,0.06173,0.06271,0.06063,0.06166,335713059.0
2023-01-23,0.06166,0.06323,0.06111,0.06273,371567440.9
2023-01-24,0.06272,0.06355,0.05975,0.06019,397334702.1
2023-01-25,0.06019,0.06282,0.05921,0.0618,382511980.6
2023-01-26,0.06181,0.06215,0.06112,0.06172,301912384.4
2023-01-27,0.06172,0.06435,0.06093,0.06366,584952205.8
2023-01-28,0.06365,0.06398,0.06204,0.06312,404769790.0
2023-01-29,0.06313,0.06475,0.0629,0.06378,515390790.3
2023-01-30,0.06376,0.06501,0.06138,0.06227,587325347.8
2023-01-31,0.06227,0.06309,0.06171,0.06218,437819315.5
2023-02-01,0.06218,0.06338,0.06142,0.06312,472530071.8
2023-02-02,0.06312,0.0655,0.06305,0.06383,527353223.9
2023-02-03,0.06384,0.06476,0.0625,0.06416,424046097.2
2023-02-04,0.06417,0.0645,0.06298,0.06384,318043820.4
2023-02-05,0.06384,0.06575,0.06317,0.06411,478586114.0
2023-02-06,0.06412,0.0645,0.06257,0.06316,369675912.9
2023-02-07,0.06316,0.06596,0.06304,0.06577,548499730.3
2023-02-08,0.06577,0.07134,0.06548,0.06695,812300677.8
2023-02-09,0.06696,0.0671,0.06192,0.06265,612597365.6
2023-02-10,0.06265,0.06395,0.06237,0.06329,375487924.1
2023-02-11,0.06329,0.06408,0.06305,0.06372,273887254.2
2023-02-12,0.06373,0.06511,0.06356,0.06388,296254920.9
2023-02-13,0.06388,0.06575,0.06293,0.0656,521881656.8
2023-02-14,0.0656,0.0669,0.06501,0.06675,490684977.5
2023-02-15,0.06674,0.071,0.06673,0.07085,610300473.2
2023-02-16,0.07086,0.07156,0.06665,0.06683,715526309.8
2023-02-17,0.06683,0.07168,0.06651,0.07031,652999826.6
2023-02-18,0.07031,0.07112,0.06968,0.07014,335851627.5
2023-02-19,0.07014,0.07164,0.06971,0.07038,336608467.0
2023-02-20,0.07038,0.07307,0.06955,0.07197,686811748.1
2023-02-21,0.07196,0.07216,0.06895,0.06948,539743959.3
2023-02-22,0.06949,0.06968,0.06807,0.06944,409930003.2
2023-02-23,0.06944,0.07045,0.069,0.06955,307030880.5
2023-02-24,0.06953,0.06999,0.06736,0.06787,315340449.4
2023-02-25,0.06788,0.06888,0.06678,0.06785,321000313.8
2023-02-26,0.06785,0.06975,0.06781,0.06951,238846426.5
2023-02-27,0.06952,0.0697,0.06841,0.06943,306006769.8
2023-02-28,0.06942,0.06983,0.06854,0.06905,286435342.6
2023-03-01,0.06905,0.07026,0.0687,0.06984,286594747.9
2023-03-02,0.06985,0.07036,0.06895,0.06972,282970788.9
2023-03-03,0.06971,0.06981,0.06633,0.06715,458545046.6
2023-03-04,0.06714,0.06758,0.06604,0.0667,259187368.6
2023-03-05,0.06671,0.06785,0.06654,0.06725,205116520.3
2023-03-06,0.06724,0.06769,0.06663,0.06739,254437077.7
2023-03-07,0.06739,0.06772,0.06575,0.06629,348625605.9
2023-03-08,0.0663,0.06654,0.06471,0.06532,301604979.9
2023-03-09,0.06533,0.06636,0.05686,0.05863,881764394.0
2023-03-10,0.05865,0.06301,0.05551,0.05736,1216855516.6
2023-03-11,0.05736,0.05894,0.05484,0.05877,820817065.1
2023-03-12,0.05877,0.06459,0.05841,0.06458,671783317.3
2023-03-13,0.06459,0.06855,0.06341,0.06694,1291763220.0
2023-03-14,0.06695,0.069,0.06496,0.06695,864557657.3
2023-03-15,0.06696,0.06786,0.06412,0.06517,586650151.9
2023-03-16,0.06517,0.06705,0.06478,0.06512,512317749.0
2023-03-17,0.06512,0.06786,0.06474,0.06763,521037844.5
2023-03-18,0.06762,0.06809,0.06515,0.06579,471580884.2
2023-03-19,0.06578,0.06751,0.0656,0.0665,362377827.5
2023-03-20,0.06651,0.06694,0.06478,0.06503,418071361.5
2023-03-21,0.06503,0.06738,0.06487,0.067,453319260.1
2023-03-22,0.067,0.06836,0.0568,0.05978,1512271598.9
2023-03-23,0.05979,0.06663,0.05939,0.0652,1203808548.0
2023-03-24,0.06521,0.06553,0.06269,0.06341,516801369.8
2023-03-25,0.06341,0.06435,0.06264,0.06368,346286886.3
2023-03-26,0.06369,0.06498,0.06333,0.06412,311099791.4
2023-03-27,0.06413,0.0644,0.06186,0.06355,398421130.7
2023-03-28,0.06355,0.0645,0.06299,0.06418,391472532.5
2023-03-29,0.06419,0.06547,0.06392,0.06433,431694513.4
2023-03-30,0.06433,0.06546,0.06361,0.06481,459993783.8
2023-03-31,0.06482,0.06617,0.06433,0.06553,373949586.7
2023-04-01,0.06553,0.0672,0.06535,0.06648,388654889.6
2023-04-02,0.06647,0.06695,0.06485,0.06518,294849756.7
2023-04-03,0.06518,0.06624,0.06428,0.06574,366405511.1
2023-04-04,0.06575,0.06683,0.06548,0.06573,406274512.6
2023-04-05,0.06573,0.06672,0.06534,0.06616,314630236.2
2023-04-06,0.06617,0.06671,0.06549,0.06608,368383747.3
2023-04-07,0.06608,0.06651,0.06556,0.06603,241329669.7
2023-04-08,0.06604,0.06655,0.0657,0.06613,210729846.0
2023-04-09,0.06613,0.06688,0.0659,0.06662,206872397.6
2023-04-10,0.06661,0.06746,0.06617,0.0673,302672189.7
2023-04-11,0.06731,0.0678,0.06533,0.06632,598983632.2
2023-04-12,0.06632,0.06645,0.06211,0.06514,727566962.3
2023-04-13,0.06514,0.0655,0.06443,0.06523,397134981.2
2023-04-14,0.06523,0.067,0.06514,0.06619,386486395.7
2023-04-15,0.06619,0.06625,0.06552,0.06588,202150727.5
2023-04-16,0.06588,0.06669,0.06561,0.06655,167394724.2
2023-04-17,0.06655,0.06665,0.06535,0.06574,278391807.1
2023-04-18,0.06574,0.06682,0.0655,0.06681,238435947.2
2023-04-19,0.06681,0.06716,0.06492,0.06563,435332863.8
2023-04-20,0.06563,0.06666,0.06462,0.06542,434503927.0
2023-04-21,0.06541,0.06602,0.0643,0.06497,333594081.9
2023-04-22,0.06497,0.06623,0.06484,0.0661,285759015.3
2023-04-23,0.0661,0.06699,0.06467,0.06671,277152999.6
2023-04-24,0.06671,0.06699,0.06583,0.0661,284143889.6
2023-04-25,0.0661,0.06621,0.06523,0.06584,257591736.3
2023-04-26,0.06584,0.06714,0.06388,0.06507,441224356.0
2023-04-27,0.06508,0.06608,0.065,0.06576,263154774.4
2023-04-28,0.06576,0.06668,0.0656,0.06667,228818642.1
2023-04-29,0.06667,0.06823,0.06663,0.068,254415874.7
2023-04-30,0.068,0.06811,0.06692,0.06713,274678310.5
2023-05-01,0.06714,0.06935,0.06676,0.06851,479686749.5
2023-05-02,0.06851,0.06992,0.06717,0.06922,373485527.1
2023-05-03,0.06923,0.06958,0.06814,0.06927,424214521.2
2023-05-04,0.06927,0.06967,0.06893,0.0694,268720604.0
2023-05-05,0.0694,0.07137,0.06938,0.07092,335666025.6
2023-05-06,0.07091,0.07109,0.0696,0.07025,254637459.3
2023-05-07,0.07024,0.07048,0.06905,0.0692,226068366.8
2023-05-08,0.06919,0.0694,0.06709,0.0685,334753392.2
2023-05-09,0.0685,0.06933,0.06792,0.06906,258116898.0
2023-05-10,0.06906,0.07041,0.06806,0.06933,330383869.8
2023-05-11,0.06934,0.06959,0.06679,0.06771,342686896.6
2023-05-12,0.06772,0.0694,0.06716,0.06908,332990168.3
2023-05-13,0.06907,0.06961,0.06845,0.06934,186703997.0
2023-05-14,0.06933,0.06978,0.06882,0.06939,195675948.4
2023-05-15,0.06939,0.07053,0.06905,0.07026,197648341.4
2023-05-16,0.07025,0.07077,0.06992,0.07055,261533972.0
2023-05-17,0.07054,0.0714,0.0702,0.07121,263330292.0
2023-05-18,0.07122,0.07137,0.06983,0.07016,291384687.7
2023-05-19,0.07015,0.07084,0.07007,0.07067,161588851.9
2023-05-20,0.07066,0.07298,0.07053,0.07257,395843338.5
2023-05-21,0.07257,0.0773,0.07199,0.07501,589690608.6
2023-05-22,0.075,0.0794,0.0742,0.078,713363070.7
2023-05-23,0.078,0.07988,0.07759,0.07848,341070645.6
2023-05-24,0.07848,0.07862,0.07641,0.07686,370900504.1
2023-05-25,0.07685,0.07835,0.07663,0.07677,366016346.1
2023-05-26,0.07676,0.07745,0.0753,0.07538,320555437.6
2023-05-27,0.07537,0.07723,0.07517,0.07716,210344908.2
2023-05-28,0.07714,0.07813,0.0767,0.07742,222996572.9
2023-05-29,0.07743,0.07808,0.07605,0.0761,248213528.4
2023-05-30,0.0761,0.077,0.07571,0.07635,273191742.1
2023-05-31,0.07635,0.07665,0.07502,0.07522,294376329.1
2023-06-01,0.07521,0.07547,0.07406,0.07477,237245899.8
2023-06-02,0.07477,0.08408,0.07457,0.08266,490239504.5
2023-06-03,0.08266,0.0858,0.08093,0.08177,729779995.2
2023-06-04,0.08176,0.08295,0.08016,0.08138,350374316.3
2023-06-05,0.08137,0.08187,0.07681,0.07832,374194492.6
2023-06-06,0.07833,0.07919,0.07739,0.07821,335856633.4
2023-06-07,0.0782,0.07894,0.07625,0.07675,324118740.8
2023-06-08,0.07676,0.07805,0.07614,0.07741,203474842.3
2023-06-09,0.07741,0.07844,0.07103,0.072,594691772.7
2023-06-10,0.07201,0.07204,0.06445,0.06961,774542442.5
2023-06-11,0.0696,0.07059,0.06817,0.07025,227151003.1
2023-06-12,0.07024,0.07127,0.06928,0.07115,203489669.6
2023-06-13,0.07115,0.07275,0.07107,0.07192,243476616.7
2023-06-14,0.07192,0.07286,0.07009,0.071,222279854.4
2023-06-15,0.07101,0.07217,0.06942,0.07098,312690513.4
2023-06-16,0.07097,0.07126,0.0689,0.07053,273208931.9
2023-06-17,0.07053,0.07175,0.07029,0.07164,174427878.9
2023-06-18,0.07163,0.07209,0.06951,0.07016,220553422.5
2023-06-19,0.07016,0.07041,0.06944,0.06999,203923177.5
2023-06-20,0.06999,0.07064,0.06799,0.07057,350094068.5
2023-06-21,0.07058,0.07267,0.07027,0.07233,384322992.8
2023-06-22,0.07232,0.07417,0.0714,0.07226,280190767.7
2023-06-23,0.07227,0.07375,0.07152,0.07315,241591850.1
2023-06-24,0.07315,0.0735,0.07141,0.0722,212332547.1
2023-06-25,0.07221,0.07379,0.07204,0.07313,183222614.1
2023-06-26,0.07314,0.07477,0.07235,0.07383,242430152.9
2023-06-27,0.07384,0.07536,0.07375,0.07432,181963857.8
2023-06-28,0.07433,0.07451,0.07248,0.07375,191900768.3
2023-06-29,0.07376,0.07483,0.07339,0.07445,183042989.8
2023-06-30,0.07445,0.07684,0.0741,0.0762,324573994.4
2023-07-01,0.0762,0.0777,0.07593,0.07726,198269712.4
2023-07-02,0.07726,0.07739,0.07516,0.07603,191549237.6
2023-07-03,0.07603,0.07784,0.07578,0.07731,181572194.7
2023-07-04,0.07732,0.07889,0.07694,0.07703,212761283.6
2023-07-05,0.07703,0.07792,0.0766,0.07707,215055002.9
2023-07-06,0.07706,0.07858,0.07692,0.07711,211754465.3
2023-07-07,0.07709,0.07965,0.07677,0.07882,222173981.4
2023-07-08,0.07881,0.08009,0.07867,0.08007,193753636.3
2023-07-09,0.08007,0.08045,0.07734,0.07748,234744269.0
2023-07-10,0.07747,0.07805,0.07619,0.07754,235765842.1
2023-07-11,0.07755,0.07757,0.07678,0.07734,159958777.9
2023-07-12,0.07734,0.07816,0.07713,0.07784,156466463.7
2023-07-13,0.07784,0.08238,0.07767,0.08171,358788432.3
2023-07-14,0.08172,0.08266,0.07873,0.07988,342257687.9
2023-07-15,0.07988,0.08157,0.07987,0.08082,241065446.9
2023-07-16,0.08082,0.08094,0.0789,0.0798,221617203.5
2023-07-17,0.07979,0.08055,0.07897,0.07997,218003891.3
2023-07-18,0.07997,0.08094,0.07887,0.07978,204794622.8
2023-07-19,0.07978,0.08049,0.07931,0.08031,191785199.2
2023-07-20,0.0803,0.08118,0.07992,0.08073,184577146.7
2023-07-21,0.08073,0.08154,0.08043,0.08043,168301683.2
2023-07-22,0.08043,0.09439,0.08025,0.0839,1231703906.7
2023-07-23,0.0839,0.08524,0.0827,0.08337,321617092.0
2023-07-24,0.08337,0.0834,0.08034,0.08148,287738891.3
2023-07-25,0.08149,0.0823,0.08014,0.0819,309136040.7
2023-07-26,0.0819,0.08253,0.08042,0.08242,345825898.7
2023-07-27,0.08241,0.08302,0.08205,0.08265,289287999.5
2023-07-28,0.08265,0.08545,0.08264,0.08506,295125956.8
2023-07-29,0.08507,0.08531,0.08309,0.08322,212901342.1
2023-07-30,0.08321,0.08375,0.07913,0.07999,344935578.4
2023-07-31,0.08,0.08035,0.07736,0.07792,394244579.0
2023-08-01,0.07792,0.07866,0.07633,0.07866,282518952.7
2023-08-02,0.07866,0.07873,0.07627,0.07632,247389565.9
2023-08-03,0.07632,0.07753,0.07617,0.07714,166728883.5
2023-08-04,0.07713,0.07787,0.07619,0.07679,192587661.9
2023-08-05,0.07678,0.07774,0.07576,0.07754,244284284.1
2023-08-06,0.07754,0.07756,0.07667,0.07699,147875027.2
2023-08-07,0.077,0.07728,0.07595,0.07685,200249899.7
2023-08-08,0.07685,0.07736,0.07625,0.07677,225746151.8
2023-08-09,0.07676,0.07709,0.07612,0.07674,201858817.4
2023-08-10,0.07674,0.07755,0.07664,0.07734,169185963.2
2023-08-11,0.07735,0.07751,0.07678,0.07723,138626355.6
2023-08-12,0.07723,0.07753,0.07716,0.07751,100744167.3
2023-08-13,0.07751,0.07762,0.07696,0.07711,142668667.3
2023-08-14,0.07711,0.07762,0.077,0.07748,189114995.2
2023-08-15,0.07748,0.07753,0.0762,0.07634,221555617.0
2023-08-16,0.07633,0.07677,0.07399,0.07465,312600481.1
2023-08-17,0.07466,0.07571,0.07188,0.07265,439731120.6
2023-08-18,0.07264,0.07348,0.07199,0.07297,247496226.9
2023-08-19,0.07297,0.07419,0.07294,0.07408,141162546.4
2023-08-20,0.07408,0.07648,0.07402,0.07591,178308944.0
2023-08-21,0.07591,0.07625,0.07402,0.0751,248123571.7
2023-08-22,0.0751,0.0756,0.07409,0.07548,226218059.2
2023-08-23,0.07548,0.07794,0.07542,0.0776,255047036.7
2023-08-24,0.0776,0.07794,0.07615,0.07664,204449731.6
2023-08-25,0.07664,0.07743,0.07607,0.07724,238107099.0
2023-08-26,0.07724,0.07764,0.07715,0.07745,133554128.0
2023-08-27,0.07746,0.07761,0.07712,0.07755,130177713.9
2023-08-28,0.07754,0.07759,0.07624,0.07634,200026578.6
2023-08-29,0.07635,0.07796,0.0759,0.07732,270021767.6
2023-08-30,0.07731,0.07732,0.07543,0.07562,227391791.0
2023-08-31,0.07561,0.07699,0.07518,0.07673,257474997.2
2023-09-01,0.07672,0.07753,0.07577,0.07608,263279151.4
2023-09-02,0.07607,0.07715,0.07598,0.07702,131712755.7
2023-09-03,0.07701,0.07715,0.07664,0.07703,103627438.3
2023-09-04,0.07704,0.07755,0.0767,0.07751,178279220.6
2023-09-05,0.07752,0.0778,0.07699,0.07746,177853521.3
2023-09-06,0.07746,0.07896,0.07722,0.07893,313889307.2
2023-09-07,0.07894,0.07943,0.07869,0.07917,199386172.6
2023-09-08,0.07917,0.0795,0.07823,0.07915,155891634.4
2023-09-09,0.07916,0.07923,0.07869,0.07917,101872503.8
2023-09-10,0.07918,0.07921,0.07772,0.0783,162139433.3
2023-09-11,0.07831,0.07885,0.07699,0.07755,240632217.9
2023-09-12,0.07755,0.08286,0.07743,0.08075,444342890.9
2023-09-13,0.08075,0.08203,0.08023,0.08123,264045845.5
2023-09-14,0.08122,0.08396,0.08092,0.08377,271297847.3
2023-09-15,0.08376,0.08422,0.08289,0.08405,285338178.4
2023-09-16,0.08405,0.08453,0.08327,0.08352,197155608.6
2023-09-17,0.08352,0.08388,0.08306,0.08334,169544506.6
2023-09-18,0.08334,0.0848,0.08295,0.08388,236033220.3
2023-09-19,0.08388,0.08489,0.08372,0.08455,198108165.7
2023-09-20,0.08455,0.08503,0.08407,0.08444,182738177.6
2023-09-21,0.08443,0.08476,0.08274,0.08301,228008891.0
2023-09-22,0.08301,0.08439,0.08279,0.08334,208088379.7
2023-09-23,0.08333,0.08391,0.08317,0.08362,132562611.0
2023-09-24,0.08361,0.08448,0.08343,0.0836,138117429.6
2023-09-25,0.08359,0.08499,0.08323,0.08466,170998932.6
2023-09-26,0.08466,0.08497,0.08413,0.08471,174453952.1
2023-09-27,0.08471,0.086,0.08465,0.0855,218966939.6
2023-09-28,0.08549,0.08677,0.08443,0.08675,240305289.5
2023-09-29,0.08674,0.08988,0.08672,0.08912,316659355.3
2023-09-30,0.08912,0.0894,0.08838,0.0886,140449969.7
2023-10-01,0.0886,0.09042,0.08793,0.09011,189188592.8
2023-10-02,0.09011,0.09042,0.0873,0.08744,256053091.3
2023-10-03,0.08744,0.09109,0.08733,0.09071,302880975.1
2023-10-04,0.0907,0.0908,0.08816,0.08891,253414811.6
2023-10-05,0.08891,0.08952,0.08816,0.08824,187948620.0
2023-10-06,0.08824,0.08892,0.08532,0.08719,321096647.4
2023-10-07,0.0872,0.08839,0.08711,0.08808,167014012.6
2023-10-08,0.08807,0.08837,0.08744,0.08802,107761906.9
2023-10-09,0.08803,0.08831,0.0854,0.08613,219076421.2
2023-10-10,0.08613,0.08665,0.08601,0.08622,159710691.7
2023-10-11,0.08622,0.08667,0.08547,0.08603,223636400.3
2023-10-12,0.08603,0.08653,0.0847,0.08481,190439808.0
2023-10-13,0.08481,0.08581,0.08476,0.08549,156259785.3
2023-10-14,0.08549,0.08576,0.085,0.08501,134151490.6
2023-10-15,0.085,0.0868,0.0848,0.08667,142600506.0
2023-10-16,0.08667,0.09072,0.08661,0.08885,334163970.0
2023-10-17,0.08886,0.08891,0.08733,0.08854,217078981.3
2023-10-18,0.08855,0.08948,0.08844,0.08915,244115917.3
2023-10-19,0.08914,0.08999,0.08835,0.08999,238261285.1
2023-10-20,0.08999,0.09209,0.08985,0.09074,309801960.8
2023-10-21,0.09075,0.09185,0.0905,0.0916,232498688.0
2023-10-22,0.0916,0.0919,0.0897,0.09031,244504917.2
2023-10-23,0.09032,0.09417,0.08998,0.09219,402839438.9
2023-10-24,0.09219,0.09393,0.09182,0.09236,418182035.2
2023-10-25,0.09235,0.09411,0.09225,0.09351,288637322.5
2023-10-26,0.09351,0.09377,0.092,0.09285,314050747.8
2023-10-27,0.09285,0.09408,0.09259,0.09353,250891343.5
2023-10-28,0.09352,0.09469,0.09326,0.09433,210964012.0
2023-10-29,0.09434,0.09515,0.09411,0.09489,168139361.3
2023-10-30,0.09489,0.09563,0.09401,0.09558,234502894.9
2023-10-31,0.09558,0.09716,0.09549,0.09715,313153368.1
2023-11-01,0.09715,0.10066,0.09686,0.10014,475215219.1
2023-11-02,0.10014,0.10121,0.09861,0.09922,287312700.5
2023-11-03,0.09921,0.09921,0.09706,0.09722,270194505.6
2023-11-04,0.09722,0.09821,0.09688,0.09765,197939124.7
2023-11-05,0.09766,0.09892,0.09733,0.09808,184215194.0
2023-11-06,0.09808,0.09897,0.09642,0.09765,279350030.2
2023-11-07,0.09765,0.09783,0.09592,0.09658,215089128.7
2023-11-08,0.09657,0.09874,0.0963,0.09833,208267416.7
2023-11-09,0.09833,0.10089,0.09737,0.09889,426408767.2
2023-11-10,0.0989,0.11313,0.0989,0.10622,847913165.8
2023-11-11,0.10621,0.10892,0.10486,0.108,299848101.5
2023-11-12,0.10801,0.1089,0.10619,0.10851,225421599.5
2023-11-13,0.1085,0.11057,0.10686,0.10688,350678153.7
2023-11-14,0.10688,0.10708,0.1019,0.10222,423142578.1
2023-11-15,0.10222,0.10462,0.10213,0.10406,368833429.3
2023-11-16,0.10406,0.10467,0.10152,0.10233,300643160.9
2023-11-17,0.10234,0.10386,0.1018,0.10371,236863418.9
2023-11-18,0.10371,0.10373,0.10118,0.1029,204342179.3
2023-11-19,0.10291,0.10379,0.10172,0.10349,184696788.5
2023-11-20,0.10349,0.10499,0.10085,0.10096,292782789.3
2023-11-21,0.10097,0.10194,0.0957,0.09612,474621946.3
2023-11-22,0.09611,0.1022,0.09598,0.10115,523906300.7
2023-11-23,0.10116,0.10218,0.10081,0.10208,184085250.9
2023-11-24,0.10208,0.10523,0.10199,0.10455,374828289.4
2023-11-25,0.10456,0.10903,0.10445,0.10895,362513612.2
2023-11-26,0.10894,0.10995,0.10709,0.10778,247591284.6
2023-11-27,0.10779,0.108,0.10182,0.10193,387030776.9
2023-11-28,0.10193,0.10369,0.09991,0.10295,434013130.1
2023-11-29,0.10295,0.10404,0.10277,0.10343,271374930.4
2023-11-30,0.10342,0.10428,0.10293,0.10347,242667070.4
2023-12-01,0.10347,0.10415,0.10267,0.10306,234344096.0
2023-12-02,0.10307,0.10365,0.10226,0.10317,194410208.0
2023-12-03,0.10317,0.10402,0.10256,0.10308,207105097.3
2023-12-04,0.10309,0.10584,0.10206,0.10384,412887641.5
2023-12-05,0.10385,0.10417,0.10249,0.10356,270782203.2
2023-12-06,0.10357,0.10619,0.10223,0.10476,451225908.1
2023-12-07,0.10476,0.10554,0.10302,0.10416,268732795.7
2023-12-08,0.10416,0.1072,0.10406,0.10663,392606990.5
2023-12-09,0.10664,0.10866,0.10629,0.10664,345968540.4
2023-12-10,0.10665,0.10846,0.10645,0.10784,244339401.4
2023-12-11,0.10784,0.10794,0.101,0.10383,432117090.6
2023-12-12,0.10382,0.1051,0.103,0.10359,272188493.5
2023-12-13,0.10359,0.10452,0.10186,0.1043,287292993.5
2023-12-14,0.1043,0.10606,0.10336,0.106,261545278.2
2023-12-15,0.10601,0.10628,0.10141,0.10156,298311454.1
2023-12-16,0.10157,0.10318,0.10112,0.10282,235922028.9
2023-12-17,0.10282,0.10345,0.10194,0.10203,199693519.2
2023-12-18,0.10204,0.10207,0.09769,0.1009,417647096.2
2023-12-19,0.1009,0.10166,0.10004,0.1006,228404875.7
2023-12-20,0.1006,0.10329,0.10058,0.10273,228268521.5
2023-12-21,0.10273,0.10492,0.10245,0.10463,228759932.8
2023-12-22,0.10463,0.10508,0.1038,0.10508,235469453.7
2023-12-23,0.10508,0.10693,0.10398,0.10676,238188196.9
2023-12-24,0.10676,0.1075,0.10538,0.1062,288291905.4
2023-12-25,0.10621,0.10838,0.10551,0.10586,372605945.5
2023-12-26,0.10587,0.1065,0.102,0.10305,434138526.2
2023-12-27,0.10305,0.1054,0.10246,0.10534,251042078.9
2023-12-28,0.10535,0.10641,0.10439,0.10545,317361023.9
2023-12-29,0.10544,0.10672,0.10461,0.1056,313739596.0
2023-12-30,0.10561,0.10719,0.10514,0.10595,232397263.8
2023-12-31,0.10596,0.109,0.10563,0.10764,285832127.2
2024-01-01,0.10764,0.10832,0.10607,0.10772,219601099.4
2024-01-02,0.10771,0.11052,0.10756,0.10834,369857145.1
2024-01-03,0.10834,0.10997,0.1035,0.10675,653375226.0
2024-01-04,0.10675,0.10866,0.10628,0.10696,365657572.7
2024-01-05,0.10697,0.10711,0.10329,0.10438,361639139.0
2024-01-06,0.10438,0.10439,0.10177,0.10387,260125323.2
2024-01-07,0.10386,0.1041,0.10255,0.1028,188093257.6
2024-01-08,0.1028,0.10424,0.10115,0.1042,380877511.5
2024-01-09,0.1042,0.10453,0.10162,0.10277,356089853.7
2024-01-10,0.10276,0.10577,0.10274,0.10524,373902317.1
2024-01-11,0.10528,0.10765,0.10476,0.10619,437379148.6
2024-01-12,0.1062,0.10799,0.10581,0.10684,437300612.6
2024-01-13,0.10684,0.11632,0.10624,0.11424,1079283467.4
2024-01-14,0.11424,0.11768,0.11105,0.11121,525359325.3
2024-01-15,0.11122,0.1144,0.10782,0.10865,531867682.7
2024-01-16,0.10865,0.11052,0.10742,0.10807,378913601.5
2024-01-17,0.10806,0.10932,0.10746,0.10838,245058284.5
2024-01-18,0.10839,0.10989,0.1066,0.10813,349816292.3
2024-01-19,0.10813,0.1105,0.10684,0.1105,382116292.7
2024-01-20,0.1105,0.1109,0.10971,0.11006,184816070.9
2024-01-21,0.11005,0.11161,0.1089,0.10895,215015565.2
2024-01-22,0.10895,0.10989,0.108,0.10931,336477095.4
2024-01-23,0.10931,0.10998,0.10615,0.10722,415753759.6
2024-01-24,0.10721,0.10883,0.10692,0.10882,250668079.7
2024-01-25,0.10882,0.11245,0.10855,0.11212,340826192.5
2024-01-26,0.11212,0.11522,0.11208,0.11448,340850647.7
2024-01-27,0.11448,0.11661,0.11196,0.11244,292465245.8
2024-01-28,0.11244,0.1135,0.11158,0.11224,229673016.0
2024-01-29,0.11224,0.11432,0.11205,0.11304,336801916.5
2024-01-30,0.11304,0.11311,0.11152,0.11206,241375822.1
2024-01-31,0.11205,0.11358,0.11144,0.11226,419797429.1
2024-02-01,0.11225,0.11579,0.11178,0.11564,341991970.2
2024-02-02,0.11564,0.11796,0.11552,0.11629,326960993.2
2024-02-03,0.11629,0.11742,0.11603,0.11724,142770335.5
2024-02-04,0.11724,0.119,0.117,0.11843,213808002.2
2024-02-05,0.11842,0.12,0.1179,0.11898,329393234.3
2024-02-06,0.11897,0.1278,0.11889,0.12101,402044182.1
2024-02-07,0.12102,0.12634,0.12087,0.1236,325276841.6
2024-02-08,0.1236,0.12684,0.12108,0.12189,369759375.6
2024-02-09,0.12189,0.12383,0.12176,0.1237,277635906.0
2024-02-10,0.12369,0.12453,0.123,0.12436,149573643.7
2024-02-11,0.12436,0.12491,0.12406,0.12422,138509507.9
2024-02-12,0.12421,0.12575,0.12353,0.125,292882064.6
2024-02-13,0.12499,0.12699,0.12448,0.12687,266639994.9
2024-02-14,0.12687,0.12996,0.12642,0.12956,322212301.9
2024-02-15,0.12956,0.13182,0.12368,0.13104,432251573.1
2024-02-16,0.13104,0.1329,0.13081,0.13282,300961759.9
2024-02-17,0.13282,0.13941,0.13257,0.1359,615517929.2
2024-02-18,0.1359,0.13607,0.13462,0.13518,224842814.6
2024-02-19,0.13518,0.13677,0.13505,0.13636,278248870.6
2024-02-20,0.13636,0.13998,0.13579,0.13921,458113781.3
2024-02-21,0.13921,0.14048,0.13834,0.13971,497754517.3
2024-02-22,0.13972,0.14017,0.13864,0.13901,315839996.2
2024-02-23,0.139,0.1393,0.13762,0.13817,256733404.7
2024-02-24,0.13816,0.13832,0.137,0.13742,177217552.0
2024-02-25,0.13742,0.13805,0.13725,0.13765,143147950.5
2024-02-26,0.13764,0.13996,0.13732,0.13983,279551897.7
2024-02-27,0.13984,0.14422,0.13971,0.14288,426070344.2
2024-02-28,0.14288,0.14412,0.139,0.14214,544490296.9
2024-02-29,0.14213,0.14373,0.14032,0.14049,429917334.7
2024-03-01,0.14049,0.1415,0.13399,0.14148,270352291.6
2024-03-02,0.14147,0.14176,0.14012,0.1412,257159307.9
2024-03-03,0.14119,0.14128,0.13924,0.14065,272081574.7
2024-03-04,0.14064,0.14202,0.13959,0.14026,456279680.2
2024-03-05,0.14026,0.14047,0.13479,0.13585,751853598.3
2024-03-06,0.13585,0.1383,0.13546,0.13775,502759707.8
2024-03-07,0.13774,0.138,0.13599,0.13709,336108039.7
2024-03-08,0.13709,0.13885,0.13604,0.13662,317237217.8
2024-03-09,0.13663,0.13711,0.13556,0.13579,269618005.8
2024-03-10,0.13579,0.13609,0.13346,0.13377,246748453.1
2024-03-11,0.13377,0.13427,0.13193,0.13372,491093365.1
2024-03-12,0.13372,0.13406,0.13062,0.13142,468884376.0
2024-03-13,0.13142,0.133,0.13106,0.13194,370620030.5
2024-03-14,0.13195,0.13202,0.12779,0.12913,540373565.5
2024-03-15,0.12912,0.12936,0.12533,0.12633,695492415.1
2024-03-16,0.12632,0.12735,0.12479,0.12527,382016537.8
2024-03-17,0.12527,0.12651,0.12431,0.12624,337572884.6
2024-03-18,0.12624,0.12671,0.12304,0.12408,380024097.2
2024-03-19,0.12407,0.12436,0.11042,0.11244,841615892.6
2024-03-20,0.11244,0.12116,0.11031,0.12071,650586212.3
2024-03-21,0.12072,0.12195,0.1204,0.12115,436392683.5
2024-03-22,0.12115,0.12153,0.11496,0.11737,402203610.0
2024-03-23,0.11736,0.11975,0.11601,0.11823,292979843.3
2024-03-24,0.11824,0.12051,0.11643,0.12014,274235100.7
2024-03-25,0.12014,0.12102,0.11701,0.12043,442118315.1
2024-03-26,0.12042,0.12238,0.12034,0.12079,393306852.6
2024-03-27,0.1208,0.12148,0.11897,0.11933,393722158.2
2024-03-28,0.11933,0.12063,0.11907,0.12044,250748769.6
2024-03-29,0.12044,0.12201,0.11942,0.11989,291588659.8
2024-03-30,0.11989,0.1229,0.11988,0.12256,261629662.9
2024-03-31,0.12256,0.12334,0.1221,0.12296,195990091.8
2024-04-01,0.12296,0.1232,0.11984,0.12051,374906211.5
2024-04-02,0.12051,0.12053,0.11589,0.11662,497703758.9
2024-04-03,0.11662,0.11879,0.11572,0.11712,434800666.5
2024-04-04,0.11711,0.11945,0.11689,0.11915,347105378.4
2024-04-05,0.11915,0.1194,0.11729,0.1179,321322582.2
2024-04-06,0.1179,0.1199,0.11773,0.11959,196481045.1
2024-04-07,0.1196,0.12096,0.11958,0.12056,165324153.9
2024-04-08,0.12056,0.12401,0.12051,0.12303,327134475.3
2024-04-09,0.12304,0.12307,0.12033,0.12109,345949848.7
2024-04-10,0.12109,0.12395,0.11788,0.1191,544588208.2
2024-04-11,0.11909,0.12046,0.11889,0.1203,312712286.0
2024-04-12,0.12029,0.12232,0.1134,0.1148,794872728.6
2024-04-13,0.1148,0.11536,0.10776,0.11006,848765534.7
2024-04-14,0.11005,0.1126,0.1089,0.11243,636270065.5
2024-04-15,0.11243,0.11535,0.11004,0.11146,807034829.2
2024-04-16,0.11147,0.11206,0.10896,0.1118,650579115.4
2024-04-17,0.1118,0.113,0.108,0.10971,483427986.3
2024-04-18,0.10971,0.11016,0.10749,0.10925,463301288.8
2024-04-19,0.10924,0.11059,0.10496,0.10989,642998621.1
2024-04-20,0.1099,0.11116,0.1084,0.11105,336692035.9
2024-04-21,0.11105,0.1115,0.11024,0.11132,206116531.7
2024-04-22,0.11132,0.11248,0.11041,0.11223,325386290.1
2024-04-23,0.11222,0.11365,0.11127,0.11322,303557229.8
2024-04-24,0.11322,0.11414,0.11235,0.11329,371820986.9
2024-04-25,0.1133,0.11744,0.11314,0.11722,438421753.3
2024-04-26,0.11722,0.12057,0.11653,0.12014,422599435.2
2024-04-27,0.12015,0.12096,0.11857,0.11975,340706688.6
2024-04-28,0.11975,0.12282,0.11975,0.12124,248969303.9
2024-04-29,0.12124,0.12144,0.11773,0.11901,368356688.5
2024-04-30,0.11902,0.12086,0.1176,0.11956,687949491.4
2024-05-01,0.11956,0.12106,0.11718,0.12045,607000290.0
2024-05-02,0.12044,0.12338,0.12007,0.12226,402525946.6
2024-05-03,0.12226,0.12385,0.12185,0.1227,267389136.6
2024-05-04,0.1227,0.12356,0.12226,0.12226,208909065.8
2024-05-05,0.12227,0.12232,0.12073,0.12107,194252496.2
2024-05-06,0.12107,0.12202,0.11832,0.11864,332605073.7
2024-05-07,0.11864,0.1216,0.11816,0.12051,325330205.0
2024-05-08,0.12052,0.12375,0.12025,0.12293,473851497.3
2024-05-09,0.12292,0.12712,0.12289,0.1262,435767372.9
2024-05-10,0.12621,0.1275,0.12407,0.12741,393031904.4
2024-05-11,0.12741,0.12767,0.12588,0.12638,189065806.6
2024-05-12,0.12638,0.1274,0.12636,0.12738,122535117.0
2024-05-13,0.12738,0.12756,0.1256,0.12561,265134967.9
2024-05-14,0.12561,0.12588,0.12474,0.12546,198863514.6
2024-05-15,0.12547,0.12677,0.1253,0.12633,180402338.1
2024-05-16,0.12633,0.12666,0.12418,0.125,306505678.5
2024-05-17,0.125,0.12511,0.12395,0.12434,236159593.4
2024-05-18,0.12434,0.12454,0.12296,0.12299,167537381.9
2024-05-19,0.12299,0.12316,0.12053,0.12117,193241530.9
2024-05-20,0.12116,0.12443,0.12092,0.12442,281818651.6
2024-05-21,0.12442,0.12459,0.12277,0.12361,288558071.5
2024-05-22,0.12361,0.12384,0.12001,0.12007,251886546.2
2024-05-23,0.12007,0.12007,0.11379,0.11532,365698716.0
2024-05-24,0.11532,0.11571,0.11329,0.11547,323669789.1
2024-05-25,0.11547,0.11605,0.11316,0.11378,277629797.1
2024-05-26,0.11378,0.11411,0.11272,0.11311,176476714.0
2024-05-27,0.11312,0.11325,0.11085,0.1125,359209797.7
2024-05-28,0.1125,0.11258,0.11032,0.11118,328778506.6
2024-05-29,0.11118,0.11245,0.11096,0.1121,256588322.2
2024-05-30,0.1121,0.11225,0.11041,0.11198,235323559.1
2024-05-31,0.11199,0.11277,0.11096,0.11213,252867056.0
2024-06-01,0.11212,0.11296,0.1109,0.11262,165186405.3
2024-06-02,0.11261,0.11526,0.11252,0.11477,221077821.5
2024-06-03,0.11477,0.11519,0.11288,0.11338,268620881.3
2024-06-04,0.11337,0.11458,0.11311,0.11446,219237298.4
2024-06-05,0.11446,0.1148,0.11363,0.11459,186205840.0
2024-06-06,0.1146,0.11521,0.11397,0.11479,208306481.6
2024-06-07,0.11479,0.11516,0.1111,0.11268,394042916.9
2024-06-08,0.11269,0.11516,0.1122,0.11479,348363545.0
2024-06-09,0.11479,0.11696,0.11371,0.11688,269431498.5
2024-06-10,0.11688,0.11779,0.116,0.11763,298271815.2
2024-06-11,0.11763,0.11797,0.11595,0.11658,372905066.0
2024-06-12,0.1166,0.11786,0.11575,0.11649,419289314.0
2024-06-13,0.11649,0.11714,0.1159,0.11696,268555460.1
2024-06-14,0.11696,0.11712,0.1154,0.1165,322864739.2
2024-06-15,0.1165,0.11665,0.11489,0.1153,146272466.9
2024-06-16,0.1153,0.11775,0.11501,0.1173,178700645.4
2024-06-17,0.1173,0.11812,0.11645,0.11678,364998698.3
2024-06-18,0.11678,0.11682,0.11279,0.11544,388602023.7
2024-06-19,0.11544,0.11719,0.11517,0.11582,253885288.7
2024-06-20,0.11583,0.11707,0.11569,0.11679,193653904.4
2024-06-21,0.1168,0.11874,0.1162,0.11835,293348609.2
2024-06-22,0.11835,0.12,0.11581,0.11966,176265342.2
2024-06-23,0.11967,0.1205,0.11909,0.11924,148497951.4
2024-06-24,0.11924,0.11992,0.11772,0.11909,331140116.7
2024-06-25,0.11909,0.12218,0.11908,0.12189,233319740.6
2024-06-26,0.1219,0.125,0.12182,0.12268,304171429.4
2024-06-27,0.12267,0.12372,0.12197,0.12201,197168718.7
2024-06-28,0.12199,0.12382,0.12179,0.12321,198664767.9
2024-06-29,0.12321,0.12623,0.12299,0.12553,229372118.8
2024-06-30,0.12552,0.12585,0.12466,0.1247,150090620.9
2024-07-01,0.1247,0.12984,0.12465,0.12781,231139017.5
2024-07-02,0.12782,0.12933,0.12762,0.12923,178693333.6
2024-07-03,0.12923,0.12997,0.12824,0.1287,297969097.1
2024-07-04,0.12871,0.129,0.12567,0.1272,423820902.3
2024-07-05,0.1272,0.12777,0.12117,0.12684,857699710.6
2024-07-06,0.12684,0.13028,0.12636,0.12991,265243306.7
2024-07-07,0.12991,0.13091,0.12452,0.12466,332256993.0
2024-07-08,0.12464,0.1264,0.12284,0.12612,421581686.4
2024-07-09,0.12612,0.12996,0.12611,0.12996,253267933.8
2024-07-10,0.12996,0.13183,0.12904,0.13147,211471489.9
2024-07-11,0.13147,0.13534,0.13143,0.13435,321622059.9
2024-07-12,0.13435,0.13727,0.13395,0.13727,245248963.9
2024-07-13,0.13727,0.14154,0.13725,0.13946,358179579.8
2024-07-14,0.13945,0.14018,0.13733,0.13761,212378762.4
2024-07-15,0.1376,0.13889,0.13658,0.1373,257606928.1
2024-07-16,0.1373,0.13742,0.13284,0.13402,372905934.9
2024-07-17,0.13402,0.1351,0.13354,0.13358,203733503.4
2024-07-18,0.13358,0.13466,0.13326,0.13449,177394565.4
2024-07-19,0.13449,0.1358,0.13409,0.13466,216686704.1
2024-07-20,0.13466,0.13478,0.13369,0.13468,142800377.4
2024-07-21,0.13467,0.13496,0.13371,0.13431,130955807.2
2024-07-22,0.13431,0.13724,0.1317,0.1324,327431074.9
2024-07-23,0.1324,0.136,0.1311,0.134,208780970.2
2024-07-24,0.1341,0.1348,0.1335,0.1343,163985425.4
2024-07-25,0.1343,0.1364,0.1334,0.1356,220592447.9
2024-07-26,0.1355,0.1377,0.1355,0.1375,152403339.7
2024-07-27,0.1375,0.1377,0.1364,0.1372,122695299.7
2024-07-28,0.1373,0.1392,0.1368,0.1386,147742665.0
2024-07-29,0.1386,0.1394,0.135,0.1375,332448636.5
2024-07-30,0.1375,0.1384,0.1324,0.133,212250651.4
2024-07-31,0.133,0.1331,0.1285,0.1287,260191158.8
2024-08-01,0.1287,0.1298,0.127,0.1283,279093902.1
2024-08-02,0.1283,0.1284,0.1229,0.1236,322541795.8
2024-08-03,0.1236,0.1255,0.1229,0.1255,280830108.1
2024-08-04,0.1255,0.1287,0.125,0.1264,396122659.6
2024-08-05,0.1264,0.1266,0.117,0.1215,1108845064.2
2024-08-06,0.1214,0.1238,0.1213,0.1234,337549120.0
2024-08-07,0.1234,0.1254,0.1233,0.1247,269352553.2
2024-08-08,0.1247,0.1271,0.1242,0.127,219561658.5
2024-08-09,0.1271,0.1283,0.1263,0.1283,208923620.3
2024-08-10,0.1283,0.1297,0.1282,0.1291,176773749.3
2024-08-11,0.1291,0.1294,0.1273,0.1277,137025682.3
2024-08-12,0.1277,0.1282,0.1261,0.1267,236924238.0
2024-08-13,0.1266,0.129,0.1256,0.1287,207970557.4
2024-08-14,0.1287,0.1309,0.1285,0.1304,297311104.5
2024-08-15,0.1303,0.1321,0.1297,0.1302,282043999.4
2024-08-16,0.1301,0.1342,0.1293,0.1341,377074980.5
2024-08-17,0.1341,0.1362,0.1332,0.1349,314171411.2
2024-08-18,0.1349,0.1356,0.1332,0.1351,213436951.9
2024-08-19,0.1351,0.1436,0.134,0.1432,791856905.5
2024-08-20,0.1432,0.1618,0.1421,0.1613,1634114803.3
2024-08-21,0.1613,0.1666,0.1532,0.1539,1797050558.8
2024-08-22,0.1538,0.1641,0.1481,0.1554,1446099168.6
2024-08-23,0.1554,0.1592,0.1535,0.1583,742853837.2
2024-08-24,0.1582,0.1641,0.1576,0.1589,778202375.0
2024-08-25,0.1588,0.17,0.1566,0.1664,1060267261.5
2024-08-26,0.1663,0.1687,0.1615,0.1616,919890819.7
2024-08-27,0.1617,0.1636,0.1564,0.1579,751242899.9
2024-08-28,0.158,0.1598,0.1572,0.1583,515806523.9
2024-08-29,0.1582,0.1615,0.158,0.1599,392382090.6
2024-08-30,0.1599,0.1617,0.1591,0.16,414874575.2
2024-08-31,0.1599,0.1603,0.1566,0.1577,326263679.2
2024-09-01,0.1576,0.1578,0.1549,0.1556,303613825.4
2024-09-02,0.1556,0.1569,0.1538,0.1542,316055134.5
2024-09-03,0.1542,0.1547,0.1503,0.1503,339700635.7
2024-09-04,0.1504,0.1521,0.1489,0.15,465789486.6
2024-09-05,0.15,0.1513,0.1491,0.1498,276912305.3
2024-09-06,0.1499,0.1503,0.1466,0.1478,338578886.8
2024-09-07,0.1478,0.1521,0.1478,0.1515,264390363.0
2024-09-08,0.1516,0.1534,0.1511,0.1532,303861845.3
2024-09-09,0.1532,0.155,0.1531,0.1546,295736960.0
2024-09-10,0.1546,0.1546,0.1521,0.1531,258345122.2
2024-09-11,0.153,0.1534,0.1518,0.1534,257574213.4
2024-09-12,0.1533,0.1543,0.1519,0.152,301552029.8
2024-09-13,0.1519,0.152,0.1485,0.149,322624966.1
2024-09-14,0.149,0.149,0.147,0.1475,246052654.7
2024-09-15,0.1475,0.1495,0.147,0.149,241939535.5
2024-09-16,0.1489,0.1496,0.1478,0.1489,276967820.3
2024-09-17,0.1489,0.1513,0.1488,0.15,221301382.2
2024-09-18,0.15,0.1503,0.149,0.1496,206401228.8
2024-09-19,0.1496,0.1517,0.1494,0.1515,234665747.8
2024-09-20,0.1515,0.1528,0.1513,0.152,216494909.6
2024-09-21,0.152,0.1525,0.1514,0.152,112061644.0
2024-09-22,0.1519,0.1522,0.1509,0.1517,151891753.8
2024-09-23,0.1518,0.1529,0.1512,0.1523,214722726.7
2024-09-24,0.1524,0.1526,0.1508,0.1513,197342867.5
2024-09-25,0.1513,0.1513,0.1499,0.15,158238938.6
2024-09-26,0.15,0.1535,0.1494,0.1532,215462825.7
2024-09-27,0.1532,0.1555,0.1531,0.1552,288782683.9
2024-09-28,0.1552,0.1554,0.1538,0.1551,165948775.6
2024-09-29,0.155,0.1575,0.1546,0.1565,216488549.0
2024-09-30,0.1565,0.1568,0.1548,0.156,297705689.9
2024-10-01,0.1559,0.157,0.1532,0.1536,434120472.3
2024-10-02,0.1536,0.1553,0.153,0.1544,319327205.6
2024-10-03,0.1545,0.1577,0.1535,0.1577,382298171.6
2024-10-04,0.1576,0.1578,0.1563,0.1565,217591787.3
2024-10-05,0.1565,0.1566,0.1535,0.1535,139145385.0
2024-10-06,0.1535,0.1548,0.1531,0.1543,122124446.4
2024-10-07,0.1543,0.1567,0.1538,0.1559,223072342.1
2024-10-08,0.1558,0.1604,0.1556,0.16,302409795.8
2024-10-09,0.16,0.162,0.1594,0.1605,252248081.5
2024-10-10,0.1605,0.1607,0.1587,0.1588,218535782.2
2024-10-11,0.1589,0.1615,0.158,0.1598,228010961.2
2024-10-12,0.1597,0.164,0.159,0.1625,241915075.9
2024-10-13,0.1626,0.1635,0.1619,0.1626,165020863.6
2024-10-14,0.1626,0.1632,0.1596,0.1606,331255046.3
2024-10-15,0.1605,0.1606,0.1577,0.1588,280872310.2
2024-10-16,0.1587,0.1604,0.1584,0.1601,217182869.9
2024-10-17,0.16,0.1605,0.159,0.1594,165894122.2
2024-10-18,0.1593,0.1595,0.1582,0.1585,146659851.8
2024-10-19,0.1585,0.1587,0.1565,0.1567,141928060.1
2024-10-20,0.1567,0.157,0.1561,0.1567,122631882.8
2024-10-21,0.1568,0.1587,0.1556,0.1584,189835792.5
2024-10-22,0.1583,0.1607,0.1575,0.1603,194897691.2
2024-10-23,0.1603,0.1607,0.1593,0.1603,177777912.8
2024-10-24,0.1603,0.165,0.1603,0.1646,257406002.0
2024-10-25,0.1647,0.1668,0.1622,0.1626,450832720.5
2024-10-26,0.1625,0.1654,0.1624,0.1652,202995536.9
2024-10-27,0.1651,0.1663,0.164,0.164,179101603.9
2024-10-28,0.1641,0.1645,0.1631,0.1642,180366165.5
2024-10-29,0.1642,0.1671,0.164,0.1663,267732576.1
2024-10-30,0.1662,0.1698,0.1659,0.1692,248155787.3
2024-10-31,0.1693,0.1705,0.1677,0.1684,252651022.9
2024-11-01,0.1684,0.1688,0.1664,0.1674,248176490.2
2024-11-02,0.1673,0.1677,0.1659,0.1661,121434723.9
2024-11-03,0.1662,0.1663,0.1632,0.1651,194590530.4
2024-11-04,0.1651,0.1657,0.1627,0.1629,224966798.4
2024-11-05,0.1629,0.1632,0.1598,0.1602,271539938.6
2024-11-06,0.1601,0.1641,0.16,0.1625,396319649.9
2024-11-07,0.1625,0.1629,0.1596,0.1601,324383678.9
2024-11-08,0.1601,0.1619,0.16,0.1609,174918892.2
2024-11-09,0.161,0.1622,0.1598,0.1621,165105279.4
2024-11-10,0.1621,0.1668,0.1612,0.1639,550200330.3
2024-11-11,0.164,0.1678,0.1637,0.1677,483858186.3
2024-11-12,0.1677,0.1903,0.1644,0.1873,1466622893.3
2024-11-13,0.1874,0.1922,0.1735,0.177,929013772.1
2024-11-14,0.177,0.185,0.1759,0.1765,646739372.2
2024-11-15,0.1764,0.1914,0.1761,0.1912,751380021.8
2024-11-16,0.1912,0.2047,0.1885,0.2002,708247635.4
2024-11-17,0.2001,0.2013,0.1924,0.1993,500015285.7
2024-11-18,0.1993,0.2069,0.1993,0.2022,571154143.8
2024-11-19,0.2021,0.2067,0.1984,0.1995,464449963.0
2024-11-20,0.1994,0.1997,0.1933,0.1947,434644605.2
2024-11-21,0.1948,0.2014,0.1931,0.1985,542609747.0
2024-11-22,0.1985,0.2048,0.1968,0.2048,535332480.0
2024-11-23,0.2048,0.2248,0.2047,0.212,980876987.1
2024-11-24,0.2121,0.2171,0.2009,0.2085,978570183.4
2024-11-25,0.2086,0.2123,0.1941,0.1959,943941765.9
2024-11-26,0.1959,0.2009,0.1863,0.1944,1017550585.0
2024-11-27,0.1944,0.2022,0.1934,0.2011,467630974.9
2024-11-28,0.2011,0.2036,0.1977,0.2032,480948975.3
2024-11-29,0.2032,0.2072,0.2009,0.2044,324609154.9
2024-11-30,0.2045,0.2072,0.2026,0.2049,282006999.4
2024-12-01,0.2049,0.2096,0.2023,0.2072,370266639.8
2024-12-02,0.2072,0.221,0.2033,0.221,1424482191.4
2024-12-03,0.2209,0.4495,0.2209,0.4334,4732014524.0
2024-12-04,0.4332,0.45,0.3219,0.3306,3828136714.5
2024-12-05,0.3305,0.3459,0.3121,0.3223,3656859531.9
2024-12-06,0.3223,0.3294,0.3087,0.3255,1260840817.7
2024-12-07,0.3255,0.3356,0.315,0.3188,868345705.6
2024-12-08,0.3188,0.3233,0.3028,0.3183,621733645.0
2024-12-09,0.3183,0.3209,0.2407,0.2629,1415367012.4
2024-12-10,0.2629,0.2799,0.2439,0.2694,1675153969.8
2024-12-11,0.2694,0.2874,0.2614,0.2822,1104280325.8
2024-12-12,0.2821,0.3096,0.2803,0.2969,1877602527.4
2024-12-13,0.2968,0.3022,0.2841,0.2906,940730224.2
2024-12-14,0.2907,0.2975,0.2778,0.2823,651039063.6
2024-12-15,0.2823,0.2868,0.2754,0.2856,435129500.3
2024-12-16,0.2856,0.3047,0.2763,0.2967,1205130419.0
2024-12-17,0.2967,0.2978,0.2777,0.2796,1146496929.6
2024-12-18,0.2797,0.2815,0.2576,0.2581,1268023421.1
2024-12-19,0.258,0.2663,0.2441,0.2513,1621813658.3
2024-12-20,0.2513,0.2545,0.2242,0.2486,1636404154.9
2024-12-21,0.2486,0.2561,0.2422,0.2449,989501401.4
2024-12-22,0.2448,0.2507,0.2417,0.2442,811230701.1
2024-12-23,0.2443,0.2536,0.2415,0.2526,923669106.1
2024-12-24,0.2526,0.2593,0.2504,0.2564,568318054.9
2024-12-25,0.2564,0.2588,0.2555,0.258,456716424.3
2024-12-26,0.258,0.2589,0.2497,0.2537,668240097.0
2024-12-27,0.2538,0.2654,0.253,0.2594,955786945.4
2024-12-28,0.2593,0.2632,0.2566,0.2584,390392505.7
2024-12-29,0.2584,0.2634,0.2565,0.2578,527259608.0
2024-12-30,0.2578,0.2598,0.2504,0.2534,663946586.2
2024-12-31,0.2535,0.2576,0.2514,0.2548,391393542.7
2025-01-01,0.2547,0.2564,0.2529,0.2559,268408400.3
2025-01-02,0.256,0.2668,0.2557,0.2651,617526303.3
2025-01-03,0.2652,0.2713,0.2609,0.2702,588287542.1
2025-01-04,0.2702,0.2742,0.2664,0.2697,563102580.0
2025-01-05,0.2696,0.2697,0.2612,0.2627,333256337.2
2025-01-06,0.2627,0.2697,0.2596,0.2684,581834517.3
2025-01-07,0.2684,0.2716,0.2522,0.2526,881729814.0
2025-01-08,0.2527,0.255,0.2443,0.2505,981346657.5
2025-01-09,0.2505,0.2514,0.2367,0.2402,901722070.2
2025-01-10,0.2401,0.2448,0.2375,0.2445,639323274.7
2025-01-11,0.2445,0.2446,0.2405,0.241,276639811.4
2025-01-12,0.241,0.2413,0.2316,0.2336,308070648.5
2025-01-13,0.2336,0.2373,0.2168,0.2228,1236124866.4
2025-01-14,0.2228,0.2269,0.2204,0.2209,573522825.5
2025-01-15,0.2209,0.2383,0.2205,0.2381,792281786.0
2025-01-16,0.238,0.241,0.2329,0.2371,921797186.1
2025-01-17,0.2371,0.2494,0.2371,0.2487,580095423.4
2025-01-18,0.2488,0.2679,0.2384,0.2423,1481529447.8
2025-01-19,0.2423,0.2466,0.2262,0.2287,1795950772.8
2025-01-20,0.2286,0.2568,0.2241,0.2383,2228099942.8
2025-01-21,0.2383,0.247,0.2351,0.2448,942490387.1
2025-01-22,0.2448,0.2583,0.2447,0.2536,1006533722.4
2025-01-23,0.2536,0.2546,0.2441,0.2527,1142042436.6
2025-01-24,0.2527,0.2614,0.2503,0.2543,655147889.1
2025-01-25,0.2544,0.2577,0.253,0.2534,330743038.8
2025-01-26,0.2533,0.2542,0.2462,0.2462,325529291.5
2025-01-27,0.2463,0.2469,0.2323,0.2465,1061082190.6
2025-01-28,0.2464,0.2483,0.2385,0.2399,418467012.3
2025-01-29,0.2399,0.2438,0.236,0.2402,521111805.6
2025-01-30,0.2402,0.2528,0.2391,0.2519,417793899.3
2025-01-31,0.252,0.258,0.2511,0.2537,490151929.6
2025-02-01,0.2538,0.2565,0.2439,0.2443,490599337.5
2025-02-02,0.2443,0.2463,0.2224,0.2255,1433907279.6
2025-02-03,0.2255,0.23,0.2011,0.2287,2397281604.0
2025-02-04,0.2288,0.2295,0.2159,0.2245,1490383668.7
2025-02-05,0.2245,0.2272,0.2217,0.2225,603131773.3
2025-02-06,0.2225,0.2328,0.2215,0.2316,782522071.8
2025-02-07,0.2317,0.2349,0.2274,0.23,644163872.8
2025-02-08,0.23,0.2345,0.2286,0.2313,336359769.2
2025-02-09,0.2314,0.2377,0.2309,0.2322,375236519.2
2025-02-10,0.2322,0.2468,0.228,0.2462,585917649.8
2025-02-11,0.2463,0.2491,0.2401,0.241,471088226.4
2025-02-12,0.2411,0.2455,0.2356,0.2433,610449584.8
2025-02-13,0.2434,0.2442,0.2337,0.2342,438897058.5
2025-02-14,0.2342,0.2368,0.2301,0.2315,416342106.2
2025-02-15,0.2315,0.238,0.2302,0.2375,268573497.9
2025-02-16,0.2375,0.2439,0.2355,0.2424,333411512.9
2025-02-17,0.2424,0.2476,0.2384,0.2388,500177766.5
2025-02-18,0.2388,0.2412,0.2325,0.2392,490877152.0
2025-02-19,0.2392,0.244,0.2392,0.2424,340281946.8
2025-02-20,0.2424,0.2478,0.2377,0.2464,342326095.1
2025-02-21,0.2464,0.2506,0.2355,0.2379,574949176.6
2025-02-22,0.2379,0.2397,0.2345,0.2393,288693569.3
2025-02-23,0.2392,0.2462,0.2379,0.246,331032828.6
2025-02-24,0.246,0.249,0.2394,0.2401,842409027.5
2025-02-25,0.24,0.244,0.2253,0.2309,1890807351.5
2025-02-26,0.2308,0.2319,0.2229,0.2272,1009325608.2
2025-02-27,0.2273,0.2298,0.2256,0.2286,444354100.4
2025-02-28,0.2286,0.2334,0.2171,0.2333,1193357849.3
2025-03-01,0.2333,0.2373,0.2299,0.2341,374672705.3
2025-03-02,0.2341,0.2475,0.2321,0.2441,552052097.3
2025-03-03,0.2441,0.2455,0.2274,0.2312,956080928.1
2025-03-04,0.2312,0.243,0.2267,0.2426,1138058297.5
2025-03-05,0.2426,0.2452,0.2406,0.2437,412786997.4
2025-03-06,0.2437,0.2468,0.2391,0.2401,406463553.8
2025-03-07,0.2401,0.2468,0.2349,0.2436,556054190.5
2025-03-08,0.2436,0.2509,0.2435,0.2438,435585790.9
2025-03-09,0.2439,0.2442,0.2318,0.2321,421132651.8
2025-03-10,0.2322,0.2381,0.2271,0.2292,783419079.9
2025-03-11,0.2291,0.2323,0.2226,0.2244,786523239.0
2025-03-12,0.2243,0.2263,0.2201,0.2229,603882132.8
2025-03-13,0.2229,0.2266,0.2221,0.2253,504330948.2
2025-03-14,0.2253,0.2263,0.2207,0.2224,348597649.0
2025-03-15,0.2224,0.2251,0.2203,0.2215,387929159.1
2025-03-16,0.2215,0.2217,0.2109,0.2119,459168435.4
2025-03-17,0.2119,0.222,0.2111,0.2206,456289316.4
2025-03-18,0.2207,0.2394,0.22,0.2371,679967353.2
2025-03-19,0.2371,0.2437,0.2288,0.2309,1010730830.1
2025-03-20,0.2309,0.2369,0.2285,0.2339,511193068.6
2025-03-21,0.2339,0.2377,0.2304,0.2335,365697214.9
2025-03-22,0.2335,0.2384,0.2328,0.237,273344267.6
2025-03-23,0.237,0.2409,0.2297,0.23,289592841.5
2025-03-24,0.23,0.2301,0.2251,0.2282,498183827.6
2025-03-25,0.2282,0.2291,0.2259,0.2272,234960180.4
2025-03-26,0.2273,0.2318,0.2268,0.2314,312779335.5
2025-03-27,0.2313,0.2353,0.2307,0.235,321623133.0
2025-03-28,0.2351,0.2351,0.2291,0.2325,342656417.0
2025-03-29,0.2325,0.2358,0.2317,0.2318,343416315.5
2025-03-30,0.2318,0.2329,0.2296,0.2319,241573567.1
2025-03-31,0.2318,0.2402,0.2311,0.2388,318936229.8
2025-04-01,0.2387,0.2392,0.2332,0.2378,261887867.2
2025-04-02,0.2378,0.2402,0.2321,0.2341,469781287.8
2025-04-03,0.234,0.2386,0.2304,0.2382,320970586.1
2025-04-04,0.2382,0.2418,0.2366,0.239,317723906.2
2025-04-05,0.239,0.2393,0.2358,0.2375,154149028.0
2025-04-06,0.2375,0.2401,0.2283,0.2301,350204437.3
2025-04-07,0.2301,0.2323,0.221,0.2287,855774586.6
2025-04-08,0.2287,0.2368,0.2285,0.2306,520940225.9
2025-04-09,0.2306,0.2391,0.2264,0.2385,652751351.1
2025-04-10,0.2385,0.2439,0.2346,0.2363,607228685.7
2025-04-11,0.2364,0.2438,0.2345,0.243,368063339.0
2025-04-12,0.2429,0.2506,0.2404,0.246,452740951.3
2025-04-13,0.246,0.2547,0.2457,0.2547,465421556.6
2025-04-14,0.2547,0.2597,0.2515,0.2521,584532554.0
2025-04-15,0.2521,0.2538,0.247,0.2505,464729630.7
2025-04-16,0.2505,0.2552,0.2475,0.2476,517919563.2
2025-04-17,0.2476,0.2505,0.2439,0.2478,543144935.5
2025-04-18,0.2478,0.248,0.2397,0.2398,358889047.9
2025-04-19,0.2399,0.2446,0.2396,0.244,238436668.6
2025-04-20,0.244,0.2468,0.2413,0.2438,314247480.2
2025-04-21,0.2437,0.247,0.241,0.2463,471748282.5
2025-04-22,0.2464,0.2493,0.2437,0.2483,480465459.0
2025-04-23,0.2483,0.2495,0.2434,0.2462,444574163.4
2025-04-24,0.2463,0.2475,0.242,0.2454,363554575.6
2025-04-25,0.2454,0.2459,0.2406,0.2419,358571002.4
2025-04-26,0.2418,0.2532,0.2416,0.2519,499229446.5
2025-04-27,0.252,0.2544,0.2453,0.2454,390389330.7
2025-04-28,0.2454,0.2484,0.2434,0.2483,351965372.4
2025-04-29,0.2483,0.2499,0.243,0.2438,263689107.5
2025-04-30,0.2438,0.247,0.2423,0.2464,287181616.0
2025-05-01,0.2464,0.2496,0.2439,0.2447,258062389.8
2025-05-02,0.2447,0.2484,0.2433,0.2478,232625993.9
2025-05-03,0.2479,0.2498,0.2445,0.2456,253156777.5
2025-05-04,0.2456,0.2489,0.245,0.2471,239067696.7
2025-05-05,0.2471,0.2505,0.246,0.2483,335180498.5
2025-05-06,0.2483,0.2485,0.2438,0.2459,268281513.9
2025-05-07,0.2458,0.2492,0.2435,0.2487,265566887.6
2025-05-08,0.2487,0.258,0.2484,0.2571,483322851.7
2025-05-09,0.257,0.2661,0.2542,0.2602,926385259.2
2025-05-10,0.2602,0.2667,0.2586,0.2662,616789184.1
2025-05-11,0.2662,0.2687,0.2596,0.2651,634953733.3
2025-05-12,0.2651,0.2801,0.2631,0.2717,1446940787.3
2025-05-13,0.2717,0.2731,0.2608,0.2709,663028253.6
2025-05-14,0.2709,0.2791,0.2691,0.2746,657437414.4
2025-05-15,0.2747,0.2764,0.2673,0.2733,694164812.8
2025-05-16,0.2732,0.2782,0.2706,0.2717,471001764.0
2025-05-17,0.2716,0.2723,0.267,0.2696,375085855.6
2025-05-18,0.2695,0.2746,0.2637,0.2679,463928205.2
2025-05-19,0.268,0.2681,0.2605,0.2667,422494101.0
2025-05-20,0.2667,0.2755,0.2661,0.2691,549465855.8
2025-05-21,0.2691,0.2743,0.2658,0.2683,583154189.4
2025-05-22,0.2683,0.2821,0.2673,0.2759,724788804.4
2025-05-23,0.2758,0.2762,0.264,0.2688,669155491.6
2025-05-24,0.2687,0.2739,0.2686,0.2703,252211206.5
2025-05-25,0.2703,0.2738,0.2687,0.2723,300012421.3
2025-05-26,0.2723,0.2749,0.2703,0.2739,243526922.4
2025-05-27,0.2739,0.279,0.272,0.2779,325770380.5
2025-05-28,0.2779,0.2797,0.2731,0.2738,252948126.9
2025-05-29,0.2737,0.2782,0.2725,0.2747,331774278.2
2025-05-30,0.2746,0.2763,0.2667,0.267,503491749.6
2025-05-31,0.267,0.2695,0.2632,0.2657,338717941.5
2025-06-01,0.2656,0.2714,0.2649,0.2708,187322066.3
2025-06-02,0.2708,0.2718,0.2659,0.2688,230189096.9
2025-06-03,0.2688,0.2721,0.2683,0.2702,179472141.9
2025-06-04,0.2703,0.2748,0.2679,0.2744,246171028.8
2025-06-05,0.2744,0.2852,0.2661,0.282,572100533.2
2025-06-06,0.282,0.2826,0.2757,0.2779,321558561.8
2025-06-07,0.278,0.287,0.2773,0.2869,240979112.9
2025-06-08,0.2869,0.2877,0.2814,0.2817,246557876.3
2025-06-09,0.2818,0.2902,0.2809,0.287,311622399.3
2025-06-10,0.2869,0.2946,0.2856,0.2927,409343715.8
2025-06-11,0.2926,0.2928,0.2769,0.2795,555013823.4
2025-06-12,0.2796,0.2796,0.2705,0.2718,574655816.7
2025-06-13,0.2719,0.2741,0.2669,0.2697,562774755.0
2025-06-14,0.2698,0.2721,0.2686,0.2711,162763835.6
2025-06-15,0.2711,0.2742,0.2702,0.2739,155712499.5
2025-06-16,0.2739,0.2953,0.2692,0.2741,1149785011.9
2025-06-17,0.274,0.2797,0.2712,0.2715,577769280.7
2025-06-18,0.2714,0.2749,0.2676,0.273,312403170.9
2025-06-19,0.2729,0.2763,0.2722,0.2748,194348264.3
2025-06-20,0.2748,0.2757,0.2702,0.2722,295514386.7
2025-06-21,0.2723,0.275,0.2689,0.271,242836642.5
2025-06-22,0.2709,0.2738,0.2589,0.2635,731949163.0
2025-06-23,0.2634,0.2736,0.2633,0.2727,504347077.2
2025-06-24,0.2726,0.2747,0.2704,0.2738,248930520.2
2025-06-25,0.2737,0.275,0.2704,0.2731,243430663.9
2025-06-26,0.2731,0.2746,0.2703,0.271,266296006.6
2025-06-27,0.271,0.2735,0.2706,0.2732,161216309.4
2025-06-28,0.2732,0.2766,0.2729,0.2747,167357663.8
2025-06-29,0.2747,0.2769,0.2744,0.2769,118183221.9
2025-06-30,0.2769,0.2807,0.2759,0.2798,180461576.2
2025-07-01,0.2797,0.2803,0.2778,0.2788,149265465.1
2025-07-02,0.2788,0.2852,0.2783,0.2844,187805076.1
2025-07-03,0.2845,0.2875,0.2816,0.287,224100691.3
2025-07-04,0.287,0.288,0.2812,0.2827,195681904.8
2025-07-05,0.2826,0.2852,0.2817,0.2832,110744964.0
2025-07-06,0.2831,0.2875,0.2826,0.287,102251894.2
2025-07-07,0.287,0.2889,0.2854,0.2867,123089504.4
2025-07-08,0.2866,0.2883,0.2859,0.2874,116239707.4
2025-07-09,0.2874,0.2901,0.2865,0.2899,157872852.9
2025-07-10,0.2898,0.2939,0.2895,0.2939,217329214.1
2025-07-11,0.2939,0.3034,0.2932,0.3009,502595113.7
2025-07-12,0.301,0.3068,0.2975,0.3022,599631349.5
2025-07-13,0.3023,0.305,0.2999,0.3028,245788913.0
2025-07-14,0.3029,0.305,0.2995,0.3025,457482273.4
2025-07-15,0.3025,0.3029,0.2954,0.3005,429058710.7
2025-07-16,0.3004,0.3098,0.2999,0.3096,319648241.1
2025-07-17,0.3096,0.319,0.3077,0.3156,710754359.2
2025-07-18,0.3155,0.3344,0.3154,0.3261,1221397095.8
2025-07-19,0.326,0.3278,0.3171,0.3179,613872003.6
2025-07-20,0.3178,0.3206,0.3124,0.314,466585372.2
2025-07-21,0.3141,0.3183,0.311,0.3143,643709842.4
2025-07-22,0.3144,0.3161,0.3071,0.3158,710716819.3
2025-07-23,0.3157,0.3186,0.3052,0.3095,929508217.0
2025-07-24,0.3095,0.3158,0.3006,0.3139,904560474.8
2025-07-25,0.3139,0.3178,0.3108,0.317,836560335.7
2025-07-26,0.317,0.3207,0.3163,0.3201,266219744.5
2025-07-27,0.32,0.3229,0.3189,0.3199,279282527.4
2025-07-28,0.32,0.328,0.3192,0.3224,615061941.3
2025-07-29,0.3224,0.351,0.3214,0.3385,1821462357.7
2025-07-30,0.3384,0.3403,0.3203,0.3274,955795735.5
2025-07-31,0.3274,0.3298,0.3242,0.325,505826821.5
2025-08-01,0.325,0.3286,0.3214,0.3234,898415383.7
2025-08-02,0.3234,0.3289,0.3187,0.3221,689503680.7
2025-08-03,0.322,0.3281,0.3205,0.3275,347761590.5
2025-08-04,0.3275,0.3333,0.3271,0.3328,266100504.4
2025-08-05,0.3329,0.3352,0.3298,0.3338,416264838.1
2025-08-06,0.3338,0.3379,0.3314,0.3373,346072001.0
2025-08-07,0.3373,0.3416,0.3366,0.3384,450669087.9
2025-08-08,0.3385,0.3399,0.3349,0.3378,512311917.6
2025-08-09,0.3378,0.339,0.3349,0.3352,214111271.4
2025-08-10,0.3352,0.3422,0.335,0.3383,384107571.7
2025-08-11,0.3382,0.3459,0.3381,0.345,430916873.5
2025-08-12,0.3451,0.3539,0.3443,0.3524,497002517.7
2025-08-13,0.3524,0.3626,0.3518,0.3621,511523817.8
2025-08-14,0.362,0.37,0.3536,0.3575,1216118817.3
2025-08-15,0.3575,0.3618,0.3483,0.3526,712101709.2
2025-08-16,0.3526,0.3548,0.3452,0.3478,373739098.6
2025-08-17,0.3478,0.3552,0.3471,0.3534,370411070.1
2025-08-18,0.3533,0.3542,0.3444,0.3503,526435804.9
2025-08-19,0.3503,0.3528,0.3457,0.3477,604934340.0
2025-08-20,0.3477,0.3554,0.3461,0.3545,555581458.7
2025-08-21,0.3545,0.3574,0.3506,0.3537,490240639.4
2025-08-22,0.3537,0.3675,0.3534,0.3667,657013945.0
2025-08-23,0.3667,0.3671,0.3601,0.3624,349673528.4
2025-08-24,0.3625,0.3687,0.3611,0.3614,489580599.7
2025-08-25,0.3614,0.3617,0.3416,0.3417,812955608.0
2025-08-26,0.3417,0.3529,0.3388,0.3518,610797978.5
2025-08-27,0.3518,0.3519,0.3448,0.3451,443044289.9
2025-08-28,0.3452,0.3498,0.3423,0.3451,310206513.8
2025-08-29,0.345,0.3459,0.3334,0.3385,554362199.7
2025-08-30,0.3386,0.3408,0.336,0.339,202396931.9
2025-08-31,0.339,0.3438,0.339,0.341,175641360.9
2025-09-01,0.341,0.3415,0.3339,0.3373,410485042.0
2025-09-02,0.3373,0.3406,0.3353,0.3381,399330542.1
2025-09-03,0.338,0.342,0.3366,0.3406,230594362.0
2025-09-04,0.3406,0.3416,0.3336,0.3346,266940061.8
2025-09-05,0.3346,0.3392,0.3304,0.3313,393299294.3
2025-09-06,0.3313,0.3323,0.2977,0.3145,583754409.6
2025-09-07,0.3145,0.333,0.3112,0.3312,729652819.0
2025-09-08,0.3313,0.3358,0.3294,0.3313,315699044.5
2025-09-09,0.3313,0.3391,0.3298,0.3351,385510569.9
2025-09-10,0.3351,0.3402,0.3346,0.3383,224876043.2
2025-09-11,0.3383,0.348,0.338,0.3463,352175419.1
2025-09-12,0.3463,0.3526,0.3462,0.3525,271316751.2
2025-09-13,0.3525,0.3547,0.347,0.3497,251547106.4
2025-09-14,0.3497,0.3519,0.3465,0.3485,219639369.3
2025-09-15,0.3485,0.3516,0.3423,0.3448,346802307.5
2025-09-16,0.3449,0.3472,0.3396,0.3423,283789066.8
2025-09-17,0.3424,0.3447,0.3387,0.3433,362090914.3
2025-09-18,0.3432,0.3522,0.3426,0.3505,328290909.4
2025-09-19,0.3505,0.3526,0.3431,0.3437,311551673.2
2025-09-20,0.3438,0.3482,0.3428,0.3467,209002965.0
2025-09-21,0.3466,0.3468,0.3417,0.3426,203967538.9
2025-09-22,0.3426,0.3431,0.334,0.3399,532962412.6
2025-09-23,0.34,0.3425,0.3344,0.336,285760721.4
2025-09-24,0.336,0.3394,0.3346,0.3382,226796912.8
2025-09-25,0.3382,0.3385,0.33,0.3319,442862468.4
2025-09-26,0.3319,0.3385,0.3318,0.3383,316603651.9
2025-09-27,0.3384,0.3399,0.3356,0.3366,130288699.8
2025-09-28,0.3366,0.3373,0.3341,0.3357,116594255.4
2025-09-29,0.3357,0.3376,0.3325,0.3368,162341595.7
2025-09-30,0.3368,0.3377,0.3315,0.3336,190255915.0
2025-10-01,0.3336,0.3423,0.3331,0.3415,265452066.9
2025-10-02,0.3416,0.3441,0.3408,0.3426,209692446.3
2025-10-03,0.3426,0.3459,0.3411,0.3419,270615261.8
2025-10-04,0.3419,0.3424,0.3393,0.3404,115990718.2
2025-10-05,0.3404,0.3443,0.3397,0.3413,192175496.3
2025-10-06,0.3414,0.3473,0.3405,0.3461,261892874.3
2025-10-07,0.3461,0.3471,0.3373,0.3379,281423648.2
2025-10-08,0.3379,0.3426,0.3363,0.342,245818593.7
2025-10-09,0.3421,0.3423,0.3342,0.3369,294100377.5
2025-10-10,0.337,0.3372,0.3,0.3205,672891263.4
2025-10-11,0.3205,0.3211,0.3116,0.3144,382849698.3
2025-10-12,0.3144,0.3241,0.3108,0.3227,393610083.3
2025-10-13,0.3228,0.3243,0.3199,0.3227,317132204.7
2025-10-14,0.3227,0.3231,0.3076,0.3168,571178154.2
2025-10-15,0.3167,0.3214,0.3115,0.3192,406737378.8
2025-10-16,0.3193,0.3235,0.3134,0.316,438646802.2
2025-10-17,0.316,0.318,0.3046,0.3089,510045988.8
2025-10-18,0.309,0.3147,0.3087,0.313,160309126.7
2025-10-19,0.313,0.3211,0.3124,0.3205,168205628.0
2025-10-20,0.3205,0.3242,0.3179,0.3224,244066327.1
2025-10-21,0.3224,0.3253,0.3174,0.3217,325735758.4
2025-10-22,0.3216,0.3251,0.3175,0.3226,470375776.4
2025-10-23,0.3226,0.3236,0.313,0.3139,305984415.0
2025-10-24,0.3138,0.315,0.3031,0.3037,393150376.9
2025-10-25,0.3038,0.304,0.2937,0.2971,465092357.5
2025-10-26,0.297,0.3017,0.2942,0.3003,323407386.6
2025-10-27,0.3003,0.3024,0.2976,0.2983,271843375.0
2025-10-28,0.2983,0.2998,0.2932,0.2954,305116262.9
2025-10-29,0.2955,0.2984,0.2907,0.2961,401066631.6
2025-10-30,0.2961,0.2985,0.2883,0.2925,574675939.1
2025-10-31,0.2924,0.2969,0.2922,0.2962,224538801.9
2025-11-01,0.2963,0.298,0.2949,0.2975,126831293.2
2025-11-02,0.2975,0.2985,0.2951,0.2981,134122325.4
2025-11-03,0.2981,0.2984,0.2801,0.2813,771686509.5
2025-11-04,0.2813,0.2859,0.2764,0.2855,903574571.4
2025-11-05,0.2855,0.2902,0.2807,0.2889,353023780.2
2025-11-06,0.289,0.2895,0.282,0.2839,272321105.0
2025-11-07,0.2838,0.2943,0.2833,0.2923,441786199.3
2025-11-08,0.2923,0.2948,0.29,0.2916,216533092.4
2025-11-09,0.2916,0.2927,0.2889,0.2906,169434569.9
2025-11-10,0.2906,0.2965,0.2902,0.2965,266673182.5
2025-11-11,0.2965,0.3012,0.2962,0.2967,330932404.7
2025-11-12,0.2967,0.3009,0.2939,0.2946,342644255.6
2025-11-13,0.2946,0.2998,0.2902,0.2931,395988503.9
2025-11-14,0.2932,0.2983,0.2884,0.2925,589673342.8
2025-11-15,0.2926,0.2952,0.2911,0.2948,214454352.4
2025-11-16,0.2947,0.2993,0.2895,0.2924,409703683.5
2025-11-17,0.2923,0.2963,0.2889,0.2918,429307938.8
2025-11-18,0.2918,0.293,0.2869,0.2903,457273192.1
2025-11-19,0.2904,0.2907,0.2835,0.2869,384674573.0
2025-11-20,0.2869,0.2882,0.2775,0.2805,355397288.1
2025-11-21,0.2806,0.2822,0.274,0.2766,725478900.7
2025-11-22,0.2766,0.2773,0.2731,0.2743,318022680.5
2025-11-23,0.2742,0.2758,0.2739,0.275,187440869.2
2025-11-24,0.275,0.2775,0.2745,0.2748,292389943.2
2025-11-25,0.2748,0.275,0.2709,0.2745,272933836.3
2025-11-26,0.2745,0.2772,0.274,0.2765,173342830.8
2025-11-27,0.2765,0.2804,0.276,0.2803,171585291.1
2025-11-28,0.2803,0.2822,0.2797,0.281,204892661.0
2025-11-29,0.281,0.2817,0.2802,0.2809,96041189.3
2025-11-30,0.2809,0.2833,0.2795,0.2815,128779778.7
2025-12-01,0.2815,0.2817,0.2754,0.2769,407520727.1
2025-12-02,0.2769,0.2831,0.2766,0.281,261809940.2
2025-12-03,0.2809,0.2815,0.2781,0.2804,216563118.6
2025-12-04,0.2804,0.2862,0.2793,0.2862,227948845.6
2025-12-05,0.2861,0.2879,0.284,0.2856,271054429.4
2025-12-06,0.2855,0.2904,0.2855,0.2871,182377732.0
2025-12-07,0.287,0.2877,0.2841,0.2868,196278530.6
2025-12-08,0.2868,0.288,0.2813,0.2814,171187560.4
2025-12-09,0.2813,0.2835,0.2799,0.2822,225844529.9
2025-12-10,0.2823,0.2829,0.2768,0.2801,235119226.5
2025-12-11,0.28,0.2819,0.278,0.2805,196857893.7
2025-12-12,0.2805,0.2808,0.2736,0.2737,169595138.3
2025-12-13,0.2737,0.2751,0.2708,0.271,112327000.4
2025-12-14,0.271,0.2774,0.2706,0.2773,195039197.4
2025-12-15,0.2773,0.2827,0.2772,0.2783,319553204.2
2025-12-16,0.2782,0.282,0.2776,0.2802,186068057.6
2025-12-17,0.2802,0.2821,0.2785,0.2796,210138939.0
2025-12-18,0.2796,0.282,0.277,0.2793,221532991.8
2025-12-19,0.2792,0.2806,0.278,0.28,204589257.6
2025-12-20,0.2801,0.2819,0.2786,0.2819,124367185.6
2025-12-21,0.2819,0.2886,0.2812,0.2883,190920881.0
2025-12-22,0.2883,0.2891,0.2832,0.2844,216011449.3
2025-12-23,0.2844,0.2848,0.2823,0.2836,125216769.3
2025-12-24,0.2836,0.2844,0.2793,0.2803,174979578.6
2025-12-25,0.2802,0.281,0.2769,0.2787,129473811.9
2025-12-26,0.2787,0.2802,0.2776,0.2795,134238976.2
2025-12-27,0.2796,0.2849,0.2787,0.2849,136414847.9
2025-12-28,0.2849,0.2854,0.2833,0.285,123523751.2
2025-12-29,0.2849,0.2858,0.2815,0.285,196683163.2
2025-12-30,0.285,0.2868,0.2842,0.2863,122414588.8
2025-12-31,0.2864,0.2867,0.2822,0.2845,133466872.3
2026-01-01,0.2846,0.2871,0.2836,0.2871,117169454.8
2026-01-02,0.287,0.289,0.2845,0.289,164893709.8
2026-01-03,0.289,0.2956,0.2878,0.2956,173662721.7
2026-01-04,0.2956,0.2958,0.2934,0.2939,154113384.1
2026-01-05,0.294,0.2957,0.2918,0.2922,199980680.2
2026-01-06,0.2922,0.2942,0.2911,0.2942,177488170.4
2026-01-07,0.2942,0.2986,0.2939,0.2981,219469928.4
2026-01-08,0.2982,0.2986,0.2943,0.295,202323599.8
2026-01-09,0.2949,0.2995,0.2925,0.2984,203774176.6
2026-01-10,0.2984,0.3025,0.2973,0.3024,158006804.9
2026-01-11,0.3023,0.3034,0.2984,0.2995,206597586.3
2026-01-12,0.2996,0.3007,0.2971,0.2998,155933137.2
2026-01-13,0.2999,0.3074,0.2985,0.3071,217479688.2
2026-01-14,0.3072,0.3074,0.3009,0.3047,189952699.0
2026-01-15,0.3047,0.3127,0.3021,0.3126,264694360.0
2026-01-16,0.3127,0.3127,0.3053,0.3096,158972271.9
2026-01-17,0.3097,0.3195,0.309,0.3188,156669043.5
2026-01-18,0.3187,0.321,0.315,0.3178,188434059.1
2026-01-19,0.3177,0.3207,0.3081,0.3119,251741780.0
2026-01-20,0.3119,0.314,0.2969,0.297,283800217.3
2026-01-21,0.297,0.3004,0.2952,0.2993,248000181.5
2026-01-22,0.2992,0.308,0.2984,0.3054,200695856.7
2026-01-23,0.3054,0.311,0.2962,0.2979,262343455.9
2026-01-24,0.2979,0.2981,0.294,0.2954,151942726.7
2026-01-25,0.2955,0.2988,0.2943,0.2957,164975721.6
2026-01-26,0.2957,0.2973,0.2947,0.2966,140143759.1
2026-01-27,0.2965,0.2967,0.2931,0.2947,127276152.9
2026-01-28,0.2946,0.2955,0.2911,0.2954,159478844.3
2026-01-29,0.2954,0.2956,0.2902,0.295,208289652.2
2026-01-30,0.2951,0.2955,0.2885,0.2942,303842045.7
2026-01-31,0.2943,0.2944,0.2843,0.2866,255638961.7
2026-02-01,0.2867,0.2876,0.2841,0.2847,198161093.0
2026-02-02,0.2848,0.2855,0.2817,0.2835,254822693.1
2026-02-03,0.2835,0.2868,0.2815,0.2861,189051818.0
2026-02-04,0.2861,0.2875,0.2823,0.2833,202191082.5
2026-02-05,0.2834,0.2838,0.2696,0.2696,406180612.7
2026-02-06,0.2696,0.2743,0.2683,0.2741,386056310.1
2026-02-07,0.2741,0.2787,0.2732,0.2782,242534320.6
2026-02-08,0.2783,0.2796,0.2762,0.2778,150544248.3
2026-02-09,0.2778,0.2793,0.2764,0.2791,189285082.6
2026-02-10,0.2791,0.2804,0.2762,0.2782,159804724.2
2026-02-11,0.2782,0.2784,0.2739,0.2784,188578174.9
2026-02-12,0.2784,0.2803,0.2762,0.28,165880791.3
2026-02-13,0.2799,0.2825,0.2769,0.2823,189189698.0
2026-02-14,0.2822,0.2839,0.2816,0.2826,116790352.3
2026-02-15,0.2827,0.2827,0.2798,0.2805,122560857.9
2026-02-16,0.2804,0.2854,0.2795,0.2846,159636329.2
2026-02-17,0.2846,0.2854,0.2795,0.2821,171831694.3
2026-02-18,0.2822,0.2822,0.2782,0.2788,126113964.3
2026-02-19,0.2787,0.2853,0.2784,0.2849,180784925.2
2026-02-20,0.2848,0.2877,0.2828,0.2854,183630787.7
2026-02-21,0.2853,0.2896,0.2845,0.289,105217257.7
2026-02-22,0.2891,0.2912,0.2874,0.2906,106394302.4
2026-02-23,0.2906,0.2906,0.2809,0.2816,192728857.8
2026-02-24,0.2816,0.2837,0.2801,0.2837,142300900.0
2026-02-25,0.2836,0.2873,0.2835,0.2853,167294597.1
2026-02-26,0.2854,0.2876,0.2849,0.2857,108117937.5
2026-02-27,0.2857,0.2858,0.2818,0.2828,96083291.7
2026-02-28,0.2828,0.2829,0.2783,0.2819,114753739.1
2026-03-01,0.2819,0.2835,0.2799,0.2807,98973232.4
2026-03-02,0.2807,0.2834,0.2806,0.2832,98321820.7
2026-03-03,0.2833,0.2836,0.2802,0.2805,98827414.5
2026-03-04,0.2804,0.288,0.279,0.2871,207136463.8
2026-03-05,0.287,0.2881,0.2824,0.2852,189680897.2
2026-03-06,0.2852,0.2873,0.2844,0.2846,102714335.3
2026-03-07,0.2845,0.2869,0.2833,0.2866,68497165.4
2026-03-08,0.2865,0.2908,0.2858,0.2891,119037503.8
2026-03-09,0.2892,0.2909,0.2843,0.2856,151129689.9
2026-03-10,0.2855,0.2865,0.2836,0.2858,96973465.5
2026-03-11,0.2857,0.2916,0.2853,0.2913,133200288.2
2026-03-12,0.2913,0.292,0.2886,0.2891,89826759.5
2026-03-13,0.2891,0.2935,0.2885,0.2934,109062732.7
2026-03-14,0.2933,0.299,0.2928,0.2978,119032190.4
2026-03-15,0.2979,0.2991,0.2959,0.2987,83551309.2
2026-03-16,0.2986,0.2987,0.2952,0.2956,98351844.6
2026-03-17,0.2955,0.3075,0.2952,0.3068,158610981.5
2026-03-18,0.3068,0.3093,0.2993,0.3045,154042257.2
2026-03-19,0.3045,0.3053,0.2991,0.3036,141040006.9
2026-03-20,0.3036,0.3109,0.3028,0.3097,111776707.7
2026-03-21,0.3096,0.3134,0.3077,0.3121,105516418.3
2026-03-22,0.312,0.319,0.308,0.3104,158458164.0
2026-03-23,0.3103,0.312,0.3034,0.3081,167447054.5
2026-03-24,0.308,0.3121,0.306,0.3061,124822659.9
2026-03-25,0.306,0.3166,0.3055,0.3146,105196261.9
2026-03-26,0.3145,0.3162,0.309,0.3115,126571382.8
2026-03-27,0.3115,0.3173,0.3078,0.3113,180900921.4
2026-03-28,0.3113,0.3185,0.3098,0.3167,111328335.1
2026-03-29,0.3166,0.3246,0.3149,0.322,135534735.0
2026-03-30,0.3219,0.3244,0.3166,0.32,159542997.4
2026-03-31,0.32,0.3217,0.311,0.3133,145262885.8
2026-04-01,0.3133,0.3167,0.3131,0.3156,133626477.4
2026-04-02,0.3156,0.3166,0.313,0.3152,106524255.2
2026-04-03,0.3153,0.3155,0.3128,0.3151,80268775.4
2026-04-04,0.3151,0.318,0.315,0.3176,75596802.4
2026-04-05,0.3176,0.3197,0.3171,0.3189,76587171.2
2026-04-06,0.3189,0.3195,0.3155,0.3165,103508567.5
2026-04-07,0.3165,0.3169,0.3133,0.3156,84344056.7
2026-04-08,0.3156,0.3183,0.3147,0.318,104098890.7
2026-04-09,0.318,0.3206,0.3164,0.3203,106182897.4
2026-04-10,0.3202,0.3208,0.317,0.3192,94298450.6
2026-04-11,0.3191,0.32,0.3174,0.3189,84661619.9
2026-04-12,0.3189,0.323,0.3184,0.3213,108794557.2
2026-04-13,0.3213,0.3223,0.3192,0.3204,109358964.0
2026-04-14,0.3205,0.3237,0.32,0.3237,109484265.9
2026-04-15,0.3237,0.3285,0.3216,0.3272,153663662.1
2026-04-16,0.3272,0.3278,0.325,0.327,116107604.1
2026-04-17,0.327,0.328,0.3234,0.3278,129395133.6
2026-04-18,0.3278,0.3301,0.3265,0.3295,97208112.2
2026-04-19,0.3295,0.3366,0.3275,0.3291,200163210.8
2026-04-20,0.329,0.333,0.3263,0.3287,131691864.8
2026-04-21,0.3288,0.3357,0.3281,0.3331,100460298.8
2026-04-22,0.3331,0.3353,0.3275,0.3295,140895503.7
2026-04-23,0.3296,0.3303,0.3264,0.3288,102501755.2
2026-04-24,0.3288,0.3289,0.3198,0.3234,142163490.1
2026-04-25,0.3234,0.3246,0.3219,0.3239,61275296.8
2026-04-26,0.3239,0.3246,0.3229,0.3234,51905950.3
2026-04-27,0.3234,0.3263,0.3231,0.3253,89178795.7
2026-04-28,0.3254,0.3258,0.3224,0.323,65630633.4
2026-04-29,0.323,0.3242,0.3215,0.3232,89418797.1
2026-04-30,0.3231,0.327,0.3231,0.3266,72747300.5
2026-05-01,0.3266,0.3275,0.3253,0.327,69955386.7
2026-05-02,0.3269,0.3343,0.3262,0.33,112496869.3
2026-05-03,0.3299,0.3438,0.3293,0.3385,161129495.8
2026-05-04,0.3386,0.3417,0.3362,0.3407,120388904.6
2026-05-05,0.3406,0.3461,0.3374,0.3448,113890224.4
2026-05-06,0.3447,0.3475,0.3419,0.3463,101957174.3
2026-05-07,0.3463,0.3498,0.3439,0.349,85122421.9
2026-05-08,0.349,0.352,0.3468,0.3502,123399819.7
2026-05-09,0.3501,0.3535,0.3497,0.3502,103698480.9
2026-05-10,0.3502,0.3524,0.3485,0.3506,72045807.9
2026-05-11,0.3507,0.3527,0.3491,0.3511,85485799.4
2026-05-12,0.3512,0.3514,0.3469,0.3491,120067608.3
2026-05-13,0.3491,0.3517,0.3485,0.3497,88938829.1
2026-05-14,0.3496,0.3556,0.3493,0.3538,112355103.7
2026-05-15,0.3538,0.3542,0.35,0.3521,115001633.5
2026-05-16,0.3522,0.3555,0.3489,0.3552,107765993.1
2026-05-17,0.3551,0.3575,0.3534,0.3553,76264577.1
2026-05-18,0.3553,0.3584,0.3538,0.3557,138593109.8
2026-05-19,0.3556,0.3578,0.3541,0.3564,97103574.9
2026-05-20,0.3564,0.3599,0.3551,0.3592,96715207.6
2026-05-21,0.3592,0.3654,0.3588,0.3654,124751773.0
2026-05-22,0.3654,0.3665,0.3595,0.3623,122762374.9
2026-05-23,0.3623,0.3634,0.3585,0.3629,99752414.3
2026-05-24,0.363,0.368,0.3621,0.3657,86493138.2
2026-05-25,0.3657,0.374,0.364,0.3718,160542434.7
2026-05-26,0.3717,0.3775,0.3713,0.3756,155171041.7
2026-05-27,0.3756,0.3759,0.3678,0.3681,116584046.1
2026-05-28,0.3681,0.3686,0.348,0.353,259629012.6
2026-05-29,0.3529,0.3531,0.3399,0.3444,180252472.0
2026-05-30,0.3443,0.3497,0.342,0.3481,115366596.6
2026-05-31,0.3481,0.3514,0.3453,0.3514,91280876.7
2026-06-01,0.3513,0.3526,0.3432,0.3436,123358380.5
2026-06-02,0.3437,0.3437,0.3323,0.3327,162661892.0
2026-06-03,0.3328,0.3358,0.3294,0.3334,145305581.1
2026-06-04,0.3333,0.3337,0.3264,0.3325,208897710.4
2026-06-05,0.3325,0.3326,0.3186,0.3203,303865627.5
2026-06-06,0.3203,0.3243,0.3183,0.3242,140779320.1
2026-06-07,0.3243,0.3296,0.3229,0.3268,114314092.0
2026-06-08,0.3268,0.3281,0.3255,0.3268,100175607.5
2026-06-09,0.3267,0.3268,0.3207,0.3229,108400756.8
2026-06-10,0.3228,0.3234,0.3207,0.3211,89217877.5
2026-06-11,0.321,0.323,0.3108,0.317,181093980.3
2026-06-12,0.317,0.317,0.312,0.3154,121171357.5
2026-06-13,0.3153,0.3185,0.3148,0.3172,61228288.7
2026-06-14,0.3172,0.323,0.3155,0.3218,83986763.4
2026-06-15,0.3217,0.3223,0.3182,0.3184,113463692.3
2026-06-16,0.3183,0.3191,0.3163,0.3171,89106339.7
2026-06-17,0.3171,0.3223,0.3167,0.3218,115001042.1
2026-06-18,0.3218,0.3226,0.3183,0.3208,101775236.9
2026-06-19,0.3208,0.3239,0.3195,0.3239,123995784.7
2026-06-20,0.3239,0.3269,0.3219,0.3268,134850517.3
2026-06-21,0.3268,0.3283,0.326,0.3278,60695668.5
2026-06-22,0.3277,0.3341,0.3275,0.3341,125255540.0
2026-06-23,0.334,0.3342,0.3287,0.3293,115537869.2
2026-06-24,0.3292,0.3318,0.3251,0.3274,167151401.3
2026-06-25,0.3275,0.3305,0.3225,0.3238,166198181.0
2026-06-26,0.3239,0.3242,0.3186,0.3206,118716516.3
2026-06-27,0.3206,0.3215,0.3199,0.3213,54709468.4
2026-06-28,0.3213,0.3245,0.3212,0.3222,87027918.9
2026-06-29,0.3222,0.3246,0.3208,0.3214,113362983.2
2026-06-30,0.3213,0.3214,0.315,0.3153,112013250.5
2026-07-01,0.3154,0.319,0.3144,0.3161,108315760.6
2026-07-02,0.3161,0.3196,0.3154,0.3176,75405069.4
2026-07-03,0.3176,0.3236,0.3172,0.3234,106505623.0
2026-07-04,0.3234,0.3265,0.3229,0.3252,70189332.6
2026-07-05,0.3252,0.3304,0.3242,0.3292,104424019.3
2026-07-06,0.3292,0.3301,0.3264,0.3297,118071202.5
2026-07-07,0.3297,0.333,0.329,0.3317,88873499.4
2026-07-08,0.3317,0.3321,0.3271,0.3285,110649903.3
2026-07-09,0.3285,0.3326,0.328,0.3322,87581692.5
2026-07-10,0.3322,0.3336,0.3294,0.3304,84333777.5
2026-07-11,0.3304,0.3317,0.3289,0.3299,56140387.9
2026-07-12,0.3298,0.3322,0.3295,0.3316,58829712.1
2026-07-13,0.3315,0.3323,0.3241,0.3244,109244790.7
2026-07-14,0.3244,0.3265,0.324,0.3259,89985763.0
2026-07-15,0.326,0.3287,0.3241,0.3245,107540187.4
2026-07-16,0.3245,0.3249,0.323,0.3233,61027315.0
2026-07-17,0.3233,0.3239,0.3217,0.3227,66258498.2
2026-07-18,0.3227,0.3263,0.3219,0.3258,70973641.4
2026-07-19,0.3258,0.3276,0.3254,0.327,48439566.9
2026-07-20,0.3269,0.3275,0.3253,0.3269,69274460.2
2026-07-21,0.3269,0.3303,0.3259,0.3297,71722042.4
2026-07-22,0.3297,0.3305,0.328,0.3289,60256281.6
2026-07-23,0.329,0.3294,0.3261,0.3289,76911473.0
2026-07-24,0.3289,0.3324,0.3282,0.3309,80057653.7
2026-07-25,0.3309,0.3335,0.3294,0.3316,67254383.5
2026-07-26,0.3315,0.333,0.3305,0.3324,48730232.6
2026-07-27,0.3323,0.3325,0.3251,0.3251,91972898.2
2026-07-28,0.3251,0.3262,0.3235,0.3248,68977279.5
2026-07-29,0.3248,0.3275,0.3245,0.3258,67307783.0
2026-07-30,0.3257,0.3297,0.3256,0.3287,64520843.1
2026-07-31,0.3286,0.3292,0.3259,0.3261,86625514.7
2026-08-01,0.3261,0.3293,0.3259,0.3279,65331657.5
2026-08-02,0.3279,0.3287,0.3264,0.3268,54348323.5
2026-08-03,0.3269,0.3296,0.3254,0.3288,79789013.7
2026-08-04,0.3289,0.3312,0.3272,0.3273,109772526.1
2026-08-05,0.3274,0.3291,0.3264,0.3274,77864105.0
2026-08-06,0.3275,0.3289,0.3257,0.3272,71307821.2
2026-08-07,0.3271,0.3285,0.3265,0.3275,58009272.7
2026-08-08,0.3276,0.3296,0.3272,0.3291,36193504.7
2026-08-09,0.3291,0.3303,0.329,0.3299,41070181.1
2026-08-10,0.3298,0.3319,0.3297,0.3309,59441672.6
2026-08-11,0.3309,0.3376,0.3307,0.3352,108801039.8
2026-08-12,0.3352,0.3375,0.3335,0.3363,81328300.7
2026-08-13,0.3362,0.3385,0.3333,0.3345,83728372.8
2026-08-14,0.3346,0.3347,0.3317,0.3327,59874949.0
2026-08-15,0.3327,0.3334,0.3309,0.3312,55599515.8
2026-08-16,0.3312,0.3325,0.3309,0.3312,39137635.0
2026-08-17,0.3313,0.3336,0.3286,0.3313,76480823.0
2026-08-18,0.3313,0.3352,0.3309,0.3329,94648996.2
2026-08-19,0.3328,0.3345,0.3316,0.3344,89608277.1
2026-08-20,0.3344,0.3405,0.3323,0.3375,149117415.1
2026-08-21,0.3375,0.3435,0.3374,0.3434,112641130.3
2026-08-22,0.3435,0.3502,0.3402,0.3442,198646662.8
2026-08-23,0.3442,0.3455,0.342,0.3439,78921437.8
2026-08-24,0.344,0.345,0.3428,0.3449,88732150.3
2026-08-25,0.345,0.3467,0.336,0.3363,131728006.9
2026-08-26,0.3362,0.3392,0.3342,0.336,123043195.3
2026-08-27,0.3361,0.3386,0.3338,0.3377,103473197.1
2026-08-28,0.3376,0.3423,0.3374,0.3413,134173771.1
2026-08-29,0.3414,0.3422,0.3377,0.3409,65121598.5
2026-08-30,0.3408,0.3415,0.3359,0.3361,69045072.8
2026-08-31,0.3361,0.3372,0.3318,0.3326,105020682.6
2026-09-01,0.3325,0.3326,0.322,0.3223,132095677.1
2026-09-02,0.3224,0.3256,0.3217,0.3252,76912915.2
2026-09-03,0.3252,0.3321,0.3247,0.3317,78020548.7
